ts,x,y,yaw,x_des,y_des,yaw_des,v_ff,w_ff,v_actual,w_actual,omega_l_cmd,omega_r_cmd,omega_l_meas,omega_r_meas,duty_l,duty_r,x_err,y_err,yaw_err,x_raw,y_raw,yaw_raw,acc_x,acc_y,acc_z,gyro_x,gyro_y,gyro_z
106832,,,,,,,,,,,0.000000,0.000000,0.000000,0.000000,0.000000,0.000000,,,,,,,,,,,,
106837,,,,,,,,,,,0.000000,0.000000,0.000000,0.000000,0.000000,0.000000,,,,,,,,,,,,
106842,,,,,,,,,,,0.000000,0.000000,0.000000,0.000000,0.000000,0.000000,,,,,,,,,,,,
106847,,,,,,,,,,,0.000000,0.000000,0.000000,0.000000,0.000000,0.000000,,,,,,,,,,,,
106852,,,,,,,,,,,0.000000,0.000000,0.000000,0.000000,0.000000,0.000000,,,,,,,,,,,,
106857,,,,,,,,,,,0.000000,0.000000,0.000000,0.000000,0.000000,0.000000,,,,,,,,,,,,
106862,,,,,,,,,,,0.000000,0.000000,0.000000,0.000000,0.000000,0.000000,,,,,,,,,,,,
106867,,,,,,,,,,,0.000000,0.000000,0.000000,0.000000,0.000000,0.000000,,,,,,,,,,,,
106872,,,,,,,,,,,0.000000,0.000000,0.000000,0.000000,0.000000,0.000000,,,,,,,,,,,,
106877,,,,,,,,,,,0.000000,0.000000,0.000000,0.000000,0.000000,0.000000,,,,,,,,,,,,
106882,,,,,,,,,,,0.000000,0.000000,0.000000,0.000000,0.000000,0.000000,,,,,,,,,,,,
106887,,,,,,,,,,,0.000000,0.000000,0.000000,0.000000,0.000000,0.000000,,,,,,,,,,,,
106892,,,,,,,,,,,0.000000,0.000000,0.000000,0.000000,0.000000,0.000000,,,,,,,,,,,,
106897,,,,,,,,,,,0.000000,0.000000,0.000000,0.000000,0.000000,0.000000,,,,,,,,,,,,
106902,,,,,,,,,,,0.000000,0.000000,0.000000,0.000000,0.000000,0.000000,,,,,,,,,,,,
106907,,,,,,,,,,,0.000000,0.000000,0.000000,0.000000,0.000000,0.000000,,,,,,,,,,,,
106912,,,,,,,,,,,0.000000,0.000000,0.000000,0.000000,0.000000,0.000000,,,,,,,,,,,,
106917,,,,,,,,,,,0.000000,0.000000,0.000000,0.000000,0.000000,0.000000,,,,,,,,,,,,
106922,,,,,,,,,,,0.000000,0.000000,0.000000,0.000000,0.000000,0.000000,,,,,,,,,,,,
106927,,,,,,,,,,,0.000000,0.000000,0.000000,0.000000,0.000000,0.000000,,,,,,,,,,,,
106932,,,,,,,,,,,0.000000,0.000000,0.000000,0.000000,0.000000,0.000000,,,,,,,,,,,,
106937,,,,,,,,,,,0.000000,0.000000,0.000000,0.000000,0.000000,0.000000,,,,,,,,,,,,
106942,,,,,,,,,,,0.000000,0.000000,0.000000,0.000000,0.000000,0.000000,,,,,,,,,,,,
106947,,,,,,,,,,,0.000000,0.000000,0.000000,0.000000,0.000000,0.000000,,,,,,,,,,,,
106952,,,,,,,,,,,0.000000,0.000000,0.000000,0.000000,0.000000,0.000000,,,,,,,,,,,,
106957,,,,,,,,,,,0.000000,0.000000,0.000000,0.000000,0.000000,0.000000,,,,,,,,,,,,
106962,,,,,,,,,,,0.000000,0.000000,0.000000,0.000000,0.000000,0.000000,,,,,,,,,,,,
106967,,,,,,,,,,,0.000000,0.000000,0.000000,0.000000,0.000000,0.000000,,,,,,,,,,,,
106972,,,,,,,,,,,0.000000,0.000000,0.000000,0.000000,0.000000,0.000000,,,,,,,,,,,,
106977,,,,,,,,,,,0.000000,0.000000,0.000000,0.000000,0.000000,0.000000,,,,,,,,,,,,
106982,,,,,,,,,,,0.000000,0.000000,0.000000,0.000000,0.000000,0.000000,,,,,,,,,,,,
106987,,,,,,,,,,,0.000000,0.000000,0.000000,0.000000,0.000000,0.000000,,,,,,,,,,,,
106992,,,,,,,,,,,0.000000,0.000000,0.000000,0.000000,0.000000,0.000000,,,,,,,,,,,,
106997,,,,,,,,,,,0.000000,0.000000,0.000000,0.000000,0.000000,0.000000,,,,,,,,,,,,
107002,,,,,,,,,,,0.000000,0.000000,0.000000,0.000000,0.000000,0.000000,,,,,,,,,,,,
107007,,,,,,,,,,,0.000000,0.000000,0.000000,0.000000,0.000000,0.000000,,,,,,,,,,,,
107012,,,,,,,,,,,0.000000,0.000000,0.000000,0.000000,0.000000,0.000000,,,,,,,,,,,,
107017,,,,,,,,,,,0.000000,0.000000,0.000000,0.000000,0.000000,0.000000,,,,,,,,,,,,
107022,,,,,,,,,,,0.000000,0.000000,0.000000,0.000000,0.000000,0.000000,,,,,,,,,,,,
107027,,,,,,,,,,,0.000000,0.000000,0.000000,0.000000,0.000000,0.000000,,,,,,,,,,,,
107032,,,,,,,,,,,0.000000,0.000000,0.000000,0.000000,0.000000,0.000000,,,,,,,,,,,,
107037,,,,,,,,,,,0.000000,0.000000,0.000000,0.000000,0.000000,0.000000,,,,,,,,,,,,
107042,,,,,,,,,,,0.000000,0.000000,,,0.000000,0.000000,,,,,,,,,,,,
107364,,,,,,,,,,,0.000000,0.000000,0.000000,0.000000,0.000000,0.000000,,,,,,,,,,,,
107370,,,,,,,,,,,0.000000,0.000000,0.000000,0.000000,0.000000,0.000000,,,,,,,,,,,,
107375,,,,,,,,,,,0.000000,0.000000,0.000000,0.000000,0.000000,0.000000,,,,,,,,,,,,
107377,,,,,,,,,,,0.000000,0.000000,0.000000,0.000000,0.000000,0.000000,,,,,,,,,,,,
107382,,,,,,,,,,,0.000000,0.000000,0.000000,0.000000,0.000000,0.000000,,,,,,,,,,,,
107387,,,,,,,,,,,0.000000,0.000000,0.000000,0.000000,0.000000,0.000000,,,,,,,,,,,,
107392,,,,,,,,,,,0.000000,0.000000,0.000000,0.000000,0.000000,0.000000,,,,,,,,,,,,
107397,,,,,,,,,,,0.000000,0.000000,0.000000,0.000000,0.000000,0.000000,,,,,,,,,,,,
107402,,,,,,,,,,,0.000000,0.000000,0.000000,0.000000,0.000000,0.000000,,,,,,,,,,,,
107407,,,,,,,,,,,0.000000,0.000000,0.000000,0.000000,0.000000,0.000000,,,,,,,,,,,,
107412,,,,,,,,,,,0.000000,0.000000,0.000000,0.000000,0.000000,0.000000,,,,,,,,,,,,
107424,,,,,,,,,,,0.000000,0.000000,0.000000,0.000000,0.000000,0.000000,,,,,,,,,,,,
107427,,,,,,,,,,,0.000000,0.000000,0.000000,0.000000,0.000000,0.000000,,,,,,,,,,,,
107432,,,,,,,,,,,0.000000,0.000000,0.000000,0.000000,0.000000,0.000000,,,,,,,,,,,,
107437,,,,,,,,,,,0.000000,0.000000,0.000000,0.000000,0.000000,0.000000,,,,,,,,,,,,
107442,,,,,,,,,,,0.000000,0.000000,0.000000,0.000000,0.000000,0.000000,,,,,,,,,,,,
107447,,,,,,,,,,,0.000000,0.000000,0.000000,0.000000,0.000000,0.000000,,,,,,,,,,,,
107452,,,,,,,,,,,0.000000,0.000000,0.000000,0.000000,0.000000,0.000000,,,,,,,,,,,,
107457,,,,,,,,,,,0.000000,0.000000,0.000000,0.000000,0.000000,0.000000,,,,,,,,,,,,
107462,,,,,,,,,,,0.000000,0.000000,0.000000,0.000000,0.000000,0.000000,,,,,,,,,,,,
107467,,,,,,,,,,,0.000000,0.000000,0.000000,0.000000,0.000000,0.000000,,,,,,,,,,,,
107472,,,,,,,,,,,0.000000,0.000000,0.000000,0.000000,0.000000,0.000000,,,,,,,,,,,,
107484,,,,,,,,,,,0.000000,0.000000,0.000000,0.000000,0.000000,0.000000,,,,,,,,,,,,
107487,,,,,,,,,,,0.000000,0.000000,0.000000,0.000000,0.000000,0.000000,,,,,,,,,,,,
107492,,,,,,,,,,,0.000000,0.000000,0.000000,0.000000,0.000000,0.000000,,,,,,,,,,,,
107497,,,,,,,,,,,0.000000,0.000000,0.000000,0.000000,0.000000,0.000000,,,,,,,,,,,,
107502,,,,,,,,,,,0.000000,0.000000,0.000000,0.000000,0.000000,0.000000,,,,,,,,,,,,
107507,,,,,,,,,,,0.000000,0.000000,0.000000,0.000000,0.000000,0.000000,,,,,,,,,,,,
107512,,,,,,,,,,,0.000000,0.000000,0.000000,0.000000,0.000000,0.000000,,,,,,,,,,,,
107517,,,,,,,,,,,0.000000,0.000000,0.000000,0.000000,0.000000,0.000000,,,,,,,,,,,,
107522,,,,,,,,,,,0.000000,0.000000,0.000000,0.000000,0.000000,0.000000,,,,,,,,,,,,
107527,,,,,,,,,,,0.000000,0.000000,0.000000,0.000000,0.000000,0.000000,,,,,,,,,,,,
107532,,,,,,,,,,,0.000000,0.000000,0.000000,0.000000,0.000000,0.000000,,,,,,,,,,,,
107537,,,,,,,,,,,0.000000,0.000000,0.000000,0.000000,0.000000,0.000000,,,,,,,,,,,,
107542,,,,,,,,,,,0.000000,0.000000,0.000000,0.000000,0.000000,0.000000,,,,,,,,,,,,
107547,,,,,,,,,,,0.000000,0.000000,0.000000,0.000000,0.000000,0.000000,,,,,,,,,,,,
107552,,,,,,,,,,,0.000000,0.000000,0.000000,0.000000,0.000000,0.000000,,,,,,,,,,,,
107564,,,,,,,,,,,0.000000,0.000000,0.000000,0.000000,0.000000,0.000000,,,,,,,,,,,,
107567,,,,,,,,,,,0.000000,0.000000,0.000000,0.000000,0.000000,0.000000,,,,,,,,,,,,
107572,,,,,,,,,,,0.000000,0.000000,0.000000,0.000000,0.000000,0.000000,,,,,,,,,,,,
107577,,,,,,,,,,,0.000000,0.000000,0.000000,0.000000,0.000000,0.000000,,,,,,,,,,,,
107582,,,,,,,,,,,0.000000,0.000000,0.000000,0.000000,0.000000,0.000000,,,,,,,,,,,,
107587,,,,,,,,,,,0.000000,0.000000,0.000000,0.000000,0.000000,0.000000,,,,,,,,,,,,
107592,,,,,,,,,,,0.000000,0.000000,0.000000,0.000000,0.000000,0.000000,,,,,,,,,,,,
107597,,,,,,,,,,,0.000000,0.000000,0.000000,0.000000,0.000000,0.000000,,,,,,,,,,,,
107602,,,,,,,,,,,0.000000,0.000000,0.000000,0.000000,0.000000,0.000000,,,,,,,,,,,,
107607,,,,,,,,,,,0.000000,0.000000,0.000000,0.000000,0.000000,0.000000,,,,,,,,,,,,
107612,,,,,,,,,,,0.000000,0.000000,0.000000,0.000000,0.000000,0.000000,,,,,,,,,,,,
107623,,,,,,,,,,,0.000000,0.000000,0.000000,0.000000,0.000000,0.000000,,,,,,,,,,,,
107624,,,,,,,,,,,,,0.000000,0.000000,,,,,,,,,,,,,,
107627,,,,,,,,,,,0.000000,0.000000,0.000000,0.000000,0.000000,0.000000,,,,,,,,,,,,
107632,,,,,,,,,,,0.000000,0.000000,0.000000,0.000000,0.000000,0.000000,,,,,,,,,,,,
107637,,,,,,,,,,,0.000000,0.000000,0.000000,0.000000,0.000000,0.000000,,,,,,,,,,,,
107642,,,,,,,,,,,0.000000,0.000000,0.000000,0.000000,0.000000,0.000000,,,,,,,,,,,,
107647,,,,,,,,,,,0.000000,0.000000,0.000000,0.000000,0.000000,0.000000,,,,,,,,,,,,
107652,,,,,,,,,,,0.000000,0.000000,0.000000,0.000000,0.000000,0.000000,,,,,,,,,,,,
107657,,,,,,,,,,,0.000000,0.000000,0.000000,0.000000,0.000000,0.000000,,,,,,,,,,,,
107662,,,,,,,,,,,0.000000,0.000000,0.000000,0.000000,0.000000,0.000000,,,,,,,,,,,,
107667,,,,,,,,,,,0.000000,0.000000,0.000000,0.000000,0.000000,0.000000,,,,,,,,,,,,
107672,,,,,,,,,,,0.000000,0.000000,0.000000,0.000000,0.000000,0.000000,,,,,,,,,,,,
107683,,,,,,,,,,,0.000000,0.000000,0.000000,0.000000,0.000000,0.000000,,,,,,,,,,,,
107687,,,,,,,,,,,0.000000,0.000000,0.000000,0.000000,0.000000,0.000000,,,,,,,,,,,,
107692,,,,,,,,,,,0.000000,0.000000,0.000000,0.000000,0.000000,0.000000,,,,,,,,,,,,
107697,,,,,,,,,,,0.000000,0.000000,0.000000,0.000000,0.000000,0.000000,,,,,,,,,,,,
107702,,,,,,,,,,,0.000000,0.000000,0.000000,0.000000,0.000000,0.000000,,,,,,,,,,,,
107707,,,,,,,,,,,0.000000,0.000000,0.000000,0.000000,0.000000,0.000000,,,,,,,,,,,,
107712,,,,,,,,,,,0.000000,0.000000,0.000000,0.000000,0.000000,0.000000,,,,,,,,,,,,
107717,,,,,,,,,,,0.000000,0.000000,0.000000,0.000000,0.000000,0.000000,,,,,,,,,,,,
107722,,,,,,,,,,,0.000000,0.000000,0.000000,0.000000,0.000000,0.000000,,,,,,,,,,,,
107727,,,,,,,,,,,0.000000,0.000000,0.000000,0.000000,0.000000,0.000000,,,,,,,,,,,,
107732,,,,,,,,,,,0.000000,0.000000,0.000000,0.000000,0.000000,0.000000,,,,,,,,,,,,
107744,,,,,,,,,,,0.000000,0.000000,0.000000,0.000000,0.000000,0.000000,,,,,,,,,,,,
107747,,,,,,,,,,,0.000000,0.000000,0.000000,0.000000,0.000000,0.000000,,,,,,,,,,,,
107752,,,,,,,,,,,0.000000,0.000000,0.000000,0.000000,0.000000,0.000000,,,,,,,,,,,,
107757,,,,,,,,,,,0.000000,0.000000,0.000000,0.000000,0.000000,0.000000,,,,,,,,,,,,
107762,,,,,,,,,,,0.000000,0.000000,0.000000,0.000000,0.000000,0.000000,,,,,,,,,,,,
107767,,,,,,,,,,,0.000000,0.000000,0.000000,0.000000,0.000000,0.000000,,,,,,,,,,,,
107772,,,,,,,,,,,0.000000,0.000000,0.000000,0.000000,0.000000,0.000000,,,,,,,,,,,,
107777,,,,,,,,,,,0.000000,0.000000,0.000000,0.000000,0.000000,0.000000,,,,,,,,,,,,
107782,,,,,,,,,,,0.000000,0.000000,0.000000,0.000000,0.000000,0.000000,,,,,,,,,,,,
107787,,,,,,,,,,,0.000000,0.000000,0.000000,0.000000,0.000000,0.000000,,,,,,,,,,,,
107792,,,,,,,,,,,0.000000,0.000000,0.000000,0.000000,0.000000,0.000000,,,,,,,,,,,,
107797,,,,,,,,,,,0.000000,0.000000,0.000000,0.000000,0.000000,0.000000,,,,,,,,,,,,
107802,,,,,,,,,,,0.000000,0.000000,0.000000,0.000000,0.000000,0.000000,,,,,,,,,,,,
107807,,,,,,,,,,,0.000000,0.000000,0.000000,0.000000,0.000000,0.000000,,,,,,,,,,,,
107812,,,,,,,,,,,0.000000,0.000000,0.000000,0.000000,0.000000,0.000000,,,,,,,,,,,,
107824,,,,,,,,,,,0.000000,0.000000,0.000000,0.000000,0.000000,0.000000,,,,,,,,,,,,
107827,,,,,,,,,,,0.000000,0.000000,0.000000,0.000000,0.000000,0.000000,,,,,,,,,,,,
107832,,,,,,,,,,,0.000000,0.000000,0.000000,0.000000,0.000000,0.000000,,,,,,,,,,,,
107837,,,,,,,,,,,0.000000,0.000000,0.000000,0.000000,0.000000,0.000000,,,,,,,,,,,,
107842,,,,,,,,,,,0.000000,0.000000,0.000000,0.000000,0.000000,0.000000,,,,,,,,,,,,
107847,,,,,,,,,,,0.000000,0.000000,0.000000,0.000000,0.000000,0.000000,,,,,,,,,,,,
107852,,,,,,,,,,,0.000000,0.000000,0.000000,0.000000,0.000000,0.000000,,,,,,,,,,,,
107857,,,,,,,,,,,0.000000,0.000000,0.000000,0.000000,0.000000,0.000000,,,,,,,,,,,,
107862,,,,,,,,,,,0.000000,0.000000,0.000000,0.000000,0.000000,0.000000,,,,,,,,,,,,
107867,,,,,,,,,,,0.000000,0.000000,0.000000,0.000000,0.000000,0.000000,,,,,,,,,,,,
107872,,,,,,,,,,,0.000000,0.000000,0.000000,0.000000,0.000000,0.000000,,,,,,,,,,,,
107884,,,,,,,,,,,0.000000,0.000000,0.000000,0.000000,0.000000,0.000000,,,,,,,,,,,,
107887,,,,,,,,,,,0.000000,0.000000,0.000000,0.000000,0.000000,0.000000,,,,,,,,,,,,
107892,,,,,,,,,,,0.000000,0.000000,0.000000,0.000000,0.000000,0.000000,,,,,,,,,,,,
107897,,,,,,,,,,,0.000000,0.000000,0.000000,0.000000,0.000000,0.000000,,,,,,,,,,,,
107902,,,,,,,,,,,0.000000,0.000000,0.000000,0.000000,0.000000,0.000000,,,,,,,,,,,,
107907,,,,,,,,,,,0.000000,0.000000,0.000000,0.000000,0.000000,0.000000,,,,,,,,,,,,
107912,,,,,,,,,,,0.000000,0.000000,0.000000,0.000000,0.000000,0.000000,,,,,,,,,,,,
107917,,,,,,,,,,,0.000000,0.000000,0.000000,0.000000,0.000000,0.000000,,,,,,,,,,,,
107922,,,,,,,,,,,0.000000,0.000000,0.000000,0.000000,0.000000,0.000000,,,,,,,,,,,,
107927,,,,,,,,,,,0.000000,0.000000,0.000000,0.000000,0.000000,0.000000,,,,,,,,,,,,
107932,,,,,,,,,,,0.000000,0.000000,0.000000,0.000000,0.000000,0.000000,,,,,,,,,,,,
107944,,,,,,,,,,,0.000000,0.000000,0.000000,0.000000,0.000000,0.000000,,,,,,,,,,,,
107947,,,,,,,,,,,0.000000,0.000000,0.000000,0.000000,0.000000,0.000000,,,,,,,,,,,,
107952,,,,,,,,,,,0.000000,0.000000,0.000000,0.000000,0.000000,0.000000,,,,,,,,,,,,
107957,,,,,,,,,,,0.000000,0.000000,0.000000,0.000000,0.000000,0.000000,,,,,,,,,,,,
107962,,,,,,,,,,,0.000000,0.000000,0.000000,0.000000,0.000000,0.000000,,,,,,,,,,,,
107967,,,,,,,,,,,0.000000,0.000000,0.000000,0.000000,0.000000,0.000000,,,,,,,,,,,,
107972,,,,,,,,,,,0.000000,0.000000,0.000000,0.000000,0.000000,0.000000,,,,,,,,,,,,
107977,,,,,,,,,,,0.000000,0.000000,0.000000,0.000000,0.000000,0.000000,,,,,,,,,,,,
107982,,,,,,,,,,,0.000000,0.000000,0.000000,0.000000,0.000000,0.000000,,,,,,,,,,,,
107987,,,,,,,,,,,0.000000,0.000000,0.000000,0.000000,0.000000,0.000000,,,,,,,,,,,,
107992,,,,,,,,,,,0.000000,0.000000,0.000000,0.000000,0.000000,0.000000,,,,,,,,,,,,
108004,,,,,,,,,,,0.000000,0.000000,0.000000,0.000000,0.000000,0.000000,,,,,,,,,,,,
108007,,,,,,,,,,,0.000000,0.000000,0.000000,0.000000,0.000000,0.000000,,,,,,,,,,,,
108012,,,,,,,,,,,0.000000,0.000000,0.000000,0.000000,0.000000,0.000000,,,,,,,,,,,,
108017,,,,,,,,,,,0.000000,0.000000,0.000000,0.000000,0.000000,0.000000,,,,,,,,,,,,
108022,,,,,,,,,,,0.000000,0.000000,0.000000,0.000000,0.000000,0.000000,,,,,,,,,,,,
108027,,,,,,,,,,,0.000000,0.000000,0.000000,0.000000,0.000000,0.000000,,,,,,,,,,,,
108032,,,,,,,,,,,0.000000,0.000000,0.000000,0.000000,0.000000,0.000000,,,,,,,,,,,,
108037,,,,,,,,,,,0.000000,0.000000,0.000000,0.000000,0.000000,0.000000,,,,,,,,,,,,
108042,,,,,,,,,,,0.000000,0.000000,0.000000,0.000000,0.000000,0.000000,,,,,,,,,,,,
108047,,,,,,,,,,,0.000000,0.000000,0.000000,0.000000,0.000000,0.000000,,,,,,,,,,,,
108052,,,,,,,,,,,0.000000,0.000000,0.000000,0.000000,0.000000,0.000000,,,,,,,,,,,,
108057,,,,,,,,,,,0.000000,0.000000,0.000000,0.000000,0.000000,0.000000,,,,,,,,,,,,
108062,,,,,,,,,,,0.000000,0.000000,0.000000,0.000000,0.000000,0.000000,,,,,,,,,,,,
108067,,,,,,,,,,,0.000000,0.000000,0.000000,0.000000,0.000000,0.000000,,,,,,,,,,,,
108072,,,,,,,,,,,0.000000,0.000000,0.000000,0.000000,0.000000,0.000000,,,,,,,,,,,,
108084,,,,,,,,,,,0.000000,0.000000,0.000000,0.000000,0.000000,0.000000,,,,,,,,,,,,
108087,,,,,,,,,,,0.000000,0.000000,0.000000,0.000000,0.000000,0.000000,,,,,,,,,,,,
108092,,,,,,,,,,,0.000000,0.000000,0.000000,0.000000,0.000000,0.000000,,,,,,,,,,,,
108097,,,,,,,,,,,0.000000,0.000000,0.000000,0.000000,0.000000,0.000000,,,,,,,,,,,,
108102,,,,,,,,,,,0.000000,0.000000,0.000000,0.000000,0.000000,0.000000,,,,,,,,,,,,
108107,,,,,,,,,,,0.000000,0.000000,0.000000,0.000000,0.000000,0.000000,,,,,,,,,,,,
108112,,,,,,,,,,,0.000000,0.000000,0.000000,0.000000,0.000000,0.000000,,,,,,,,,,,,
108117,,,,,,,,,,,0.000000,0.000000,0.000000,0.000000,0.000000,0.000000,,,,,,,,,,,,
108122,,,,,,,,,,,0.000000,0.000000,0.000000,0.000000,0.000000,0.000000,,,,,,,,,,,,
108127,,,,,,,,,,,0.000000,0.000000,0.000000,0.000000,0.000000,0.000000,,,,,,,,,,,,
108132,,,,,,,,,,,0.000000,0.000000,0.000000,0.000000,0.000000,0.000000,,,,,,,,,,,,
108143,,,,,,,,,,,0.000000,0.000000,0.000000,0.000000,0.000000,0.000000,,,,,,,,,,,,
108147,,,,,,,,,,,0.000000,0.000000,0.000000,0.000000,0.000000,0.000000,,,,,,,,,,,,
108152,,,,,,,,,,,0.000000,0.000000,0.000000,0.000000,0.000000,0.000000,,,,,,,,,,,,
108157,,,,,,,,,,,0.000000,0.000000,0.000000,0.000000,0.000000,0.000000,,,,,,,,,,,,
108162,,,,,,,,,,,0.000000,0.000000,0.000000,0.000000,0.000000,0.000000,,,,,,,,,,,,
108167,,,,,,,,,,,0.000000,0.000000,0.000000,0.000000,0.000000,0.000000,,,,,,,,,,,,
108172,,,,,,,,,,,0.000000,0.000000,0.000000,0.000000,0.000000,0.000000,,,,,,,,,,,,
108177,,,,,,,,,,,0.000000,0.000000,0.000000,0.000000,0.000000,0.000000,,,,,,,,,,,,
108182,,,,,,,,,,,0.000000,0.000000,0.000000,0.000000,0.000000,0.000000,,,,,,,,,,,,
108187,,,,,,,,,,,0.000000,0.000000,0.000000,0.000000,0.000000,0.000000,,,,,,,,,,,,
108192,,,,,,,,,,,0.000000,0.000000,0.000000,0.000000,0.000000,0.000000,,,,,,,,,,,,
108203,,,,,,,,,,,0.000000,0.000000,0.000000,0.000000,0.000000,0.000000,,,,,,,,,,,,
108207,,,,,,,,,,,0.000000,0.000000,0.000000,0.000000,0.000000,0.000000,,,,,,,,,,,,
108212,,,,,,,,,,,0.000000,0.000000,0.000000,0.000000,0.000000,0.000000,,,,,,,,,,,,
108217,,,,,,,,,,,0.000000,0.000000,0.000000,0.000000,0.000000,0.000000,,,,,,,,,,,,
108222,,,,,,,,,,,0.000000,0.000000,0.000000,0.000000,0.000000,0.000000,,,,,,,,,,,,
108227,,,,,,,,,,,0.000000,0.000000,0.000000,0.000000,0.000000,0.000000,,,,,,,,,,,,
108232,,,,,,,,,,,0.000000,0.000000,0.000000,0.000000,0.000000,0.000000,,,,,,,,,,,,
108237,,,,,,,,,,,0.000000,0.000000,0.000000,0.000000,0.000000,0.000000,,,,,,,,,,,,
108242,,,,,,,,,,,0.000000,0.000000,0.000000,0.000000,0.000000,0.000000,,,,,,,,,,,,
108247,,,,,,,,,,,0.000000,0.000000,0.000000,0.000000,0.000000,0.000000,,,,,,,,,,,,
108252,,,,,,,,,,,0.000000,0.000000,0.000000,0.000000,0.000000,0.000000,,,,,,,,,,,,
108257,,,,,,,,,,,0.000000,0.000000,0.000000,0.000000,0.000000,0.000000,,,,,,,,,,,,
108262,,,,,,,,,,,0.000000,0.000000,0.000000,0.000000,0.000000,0.000000,,,,,,,,,,,,
108267,,,,,,,,,,,0.000000,0.000000,0.000000,0.000000,0.000000,0.000000,,,,,,,,,,,,
108272,,,,,,,,,,,0.000000,0.000000,0.000000,0.000000,0.000000,0.000000,,,,,,,,,,,,
108284,,,,,,,,,,,0.000000,0.000000,0.000000,0.000000,0.000000,0.000000,,,,,,,,,,,,
108287,,,,,,,,,,,0.000000,0.000000,0.000000,0.000000,0.000000,0.000000,,,,,,,,,,,,
108292,,,,,,,,,,,0.000000,0.000000,0.000000,0.000000,0.000000,0.000000,,,,,,,,,,,,
108297,,,,,,,,,,,0.000000,0.000000,0.000000,0.000000,0.000000,0.000000,,,,,,,,,,,,
108302,,,,,,,,,,,0.000000,0.000000,0.000000,0.000000,0.000000,0.000000,,,,,,,,,,,,
108307,,,,,,,,,,,0.000000,0.000000,0.000000,0.000000,0.000000,0.000000,,,,,,,,,,,,
108312,,,,,,,,,,,0.000000,0.000000,0.000000,0.000000,0.000000,0.000000,,,,,,,,,,,,
108317,,,,,,,,,,,0.000000,0.000000,0.000000,0.000000,0.000000,0.000000,,,,,,,,,,,,
108322,,,,,,,,,,,0.000000,0.000000,0.000000,0.000000,0.000000,0.000000,,,,,,,,,,,,
108327,,,,,,,,,,,0.000000,0.000000,0.000000,0.000000,0.000000,0.000000,,,,,,,,,,,,
108332,,,,,,,,,,,0.000000,0.000000,0.000000,0.000000,0.000000,0.000000,,,,,,,,,,,,
108344,,,,,,,,,,,0.000000,0.000000,0.000000,0.000000,0.000000,0.000000,,,,,,,,,,,,
108347,,,,,,,,,,,0.000000,0.000000,0.000000,0.000000,0.000000,0.000000,,,,,,,,,,,,
108352,,,,,,,,,,,0.000000,0.000000,0.000000,0.000000,0.000000,0.000000,,,,,,,,,,,,
108357,,,,,,,,,,,0.000000,0.000000,0.000000,0.000000,0.000000,0.000000,,,,,,,,,,,,
108362,,,,,,,,,,,0.000000,0.000000,0.000000,0.000000,0.000000,0.000000,,,,,,,,,,,,
108367,,,,,,,,,,,0.000000,0.000000,0.000000,0.000000,0.000000,0.000000,,,,,,,,,,,,
108372,,,,,,,,,,,0.000000,0.000000,0.000000,0.000000,0.000000,0.000000,,,,,,,,,,,,
108377,,,,,,,,,,,0.000000,0.000000,0.000000,0.000000,0.000000,0.000000,,,,,,,,,,,,
108382,,,,,,,,,,,0.000000,0.000000,0.000000,0.000000,0.000000,0.000000,,,,,,,,,,,,
108387,,,,,,,,,,,0.000000,0.000000,0.000000,0.000000,0.000000,0.000000,,,,,,,,,,,,
108392,,,,,,,,,,,0.000000,0.000000,0.000000,0.000000,0.000000,0.000000,,,,,,,,,,,,
108404,,,,,,,,,,,0.000000,0.000000,0.000000,0.000000,0.000000,0.000000,,,,,,,,,,,,
108407,,,,,,,,,,,0.000000,0.000000,0.000000,0.000000,0.000000,0.000000,,,,,,,,,,,,
108412,,,,,,,,,,,0.000000,0.000000,0.000000,0.000000,0.000000,0.000000,,,,,,,,,,,,
108417,,,,,,,,,,,0.000000,0.000000,0.000000,0.000000,0.000000,0.000000,,,,,,,,,,,,
108422,,,,,,,,,,,0.000000,0.000000,0.000000,0.000000,0.000000,0.000000,,,,,,,,,,,,
108427,,,,,,,,,,,0.000000,0.000000,0.000000,0.000000,0.000000,0.000000,,,,,,,,,,,,
108432,,,,,,,,,,,0.000000,0.000000,0.000000,0.000000,0.000000,0.000000,,,,,,,,,,,,
108437,,,,,,,,,,,-2.266578,-2.486018,0.000000,0.000000,-0.022892,-0.025109,,,,,,,,,,,,
108442,,,,,,,,,,,-2.266578,-2.486018,0.000000,0.000000,-0.023119,-0.025357,,,,,,,,,,,,
108447,,,,,,,,,,,-2.266578,-2.486018,0.000000,0.000000,-0.023346,-0.025606,,,,,,,,,,,,
108452,,,,,,,,,,,-2.266578,-2.486018,0.000000,0.000000,-0.023572,-0.025855,,,,,,,,,,,,
108467,,,,,,,,,,,46.120731,40.356819,0.000000,0.000000,0.469525,0.410645,,,,,,,,,,,,
108468,,,,,,,,,,,46.120731,40.356819,0.000000,0.000000,0.474137,0.414681,,,,,,,,,,,,
108472,,,,,,,,,,,46.120731,40.356819,0.591445,0.591445,0.472775,0.412743,,,,,,,,,,,,
108477,,,,,,,,,,,56.068550,46.816154,2.906283,1.723393,0.554421,0.470526,,,,,,,,,,,,
108482,,,,,,,,,,,56.068550,46.816154,5.021744,3.940737,0.538372,0.452640,,,,,,,,,,,,
108487,,,,,,,,,,,56.068550,46.816154,8.729334,7.149990,0.506029,0.424514,,,,,,,,,,,,
108492,,,,,,,,,,,56.068550,46.816154,13.300478,11.265718,0.464595,0.386912,,,,,,,,,,,,
108497,,,,,,,,,,,64.117996,52.619320,18.069353,15.618404,0.502005,0.405117,,,,,,,,,,,,
108502,,,,,,,,,,,64.117996,52.619320,22.427485,19.596191,0.462593,0.368641,,,,,,,,,,,,
108507,,,,,,,,,,,64.117996,52.619320,25.818806,22.639927,0.432510,0.341202,,,,,,,,,,,,
108512,,,,,,,,,,,64.117996,52.619320,29.509476,26.012949,0.399064,0.310132,,,,,,,,,,,,
108517,,,,,,,,,,,70.984985,58.055088,32.882267,28.504007,0.437816,0.342535,,,,,,,,,,,,
108522,,,,,,,,,,,70.984985,58.055088,36.556004,31.371956,0.404522,0.316523,,,,,,,,,,,,
108527,,,,,,,,,,,70.984985,58.055088,39.321877,33.992886,0.380029,0.292720,,,,,,,,,,,,
108532,,,,,,,,,,,70.984985,58.055088,41.849525,36.388077,0.357666,0.270935,,,,,,,,,,,,
108544,,,,,,,,,,,77.362152,63.396114,46.892986,40.118858,0.376720,0.291315,,,,,,,,,,,,
108547,,,,,,,,,,,77.362152,63.396114,45.219864,39.029194,0.396666,0.304648,,,,,,,,,,,,
108552,,,,,,,,,,,77.362152,63.396114,46.056625,39.216270,0.391428,0.305195,,,,,,,,,,,,
108557,,,,,,,,,,,79.675514,68.291672,46.821320,39.978680,0.410201,0.349358,,,,,,,,,,,,
108562,,,,,,,,,,,79.675514,68.291672,48.111595,40.675423,0.400454,0.345152,,,,,,,,,,,,
108567,,,,,,,,,,,79.675514,68.291672,49.290737,41.903599,0.391701,0.335509,,,,,,,,,,,,
108572,,,,,,,,,,,79.675514,68.291672,49.776875,42.434547,0.389830,0.332786,,,,,,,,,,,,
108577,,,,,,,,,,,79.798431,72.727028,50.221142,42.919765,0.389574,0.375268,,,,,,,,,,,,
108582,,,,,,,,,,,79.798431,72.727028,50.035698,43.363190,0.394405,0.373770,,,,,,,,,,,,
108587,,,,,,,,,,,79.798431,72.727028,50.457672,44.359867,0.393119,0.366640,,,,,,,,,,,,
108592,,,,,,,,,,,79.798431,72.727028,51.434746,45.862148,0.386185,0.354304,,,,,,,,,,,,
108604,,,,,,,,,,,79.909721,76.742485,53.766212,49.703655,0.368705,0.361047,,,,,,,,,,,,
108607,,,,,,,,,,,79.909721,76.742485,51.501099,47.788448,0.394197,0.383095,,,,,,,,,,,,
108612,,,,,,,,,,,79.909721,76.742485,51.796856,48.995422,0.394051,0.373800,,,,,,,,,,,,
108617,,,,,,,,,,,79.999992,79.999992,52.067142,50.098442,0.395044,0.398335,,,,,,,,,,,,
108622,,,,,,,,,,,79.999992,79.999992,52.314148,51.106457,0.395342,0.391144,,,,,,,,,,,,
108627,,,,,,,,,,,79.999992,79.999992,53.131325,52.027653,0.389857,0.384729,,,,,,,,,,,,
108632,,,,,,,,,,,79.999992,79.999992,53.286671,53.460949,0.390975,0.373050,,,,,,,,,,,,
108637,,,,,,,,,,,79.999992,79.999992,54.020084,54.770794,0.386239,0.362474,,,,,,,,,,,,
108642,,,,,,,,,,,79.999992,79.999992,54.098881,55.967823,0.388041,0.352907,,,,,,,,,,,,
108647,,,,,,,,,,,79.999992,79.999992,54.170891,57.061752,0.389904,0.344262,,,,,,,,,,,,
108652,,,,,,,,,,,79.999992,79.999992,54.828144,57.470016,0.385849,0.342432,,,,,,,,,,,,
108664,,,,,,,,,,,79.999992,79.999992,56.110672,59.887623,0.377337,0.321714,,,,,,,,,,,,
108667,,,,,,,,,,,79.999992,79.999992,53.643627,57.686714,0.404643,0.345955,,,,,,,,,,,,
108672,,,,,,,,,,,79.999992,79.999992,53.754848,57.449703,0.406156,0.350580,,,,,,,,,,,,
108677,,,,,,,,,,,79.999992,79.999992,54.447937,57.824551,0.401780,0.349049,,,,,,,,,,,,
108682,,,,,,,,,,,79.999992,79.999992,54.489883,57.575668,0.403911,0.353780,,,,,,,,,,,,
108687,,,,,,,,,,,79.999992,79.999992,54.528217,57.939667,0.406075,0.352346,,,,,,,,,,,,
108692,,,,,,,,,,,79.999992,79.999992,54.563251,58.272316,0.408269,0.351192,,,,,,,,,,,,
108697,,,,,,,,,,,79.999992,79.999992,55.186710,57.984867,0.404515,0.356268,,,,,,,,,,,,
108702,,,,,,,,,,,79.999992,79.999992,55.165028,58.313622,0.407216,0.355150,,,,,,,,,,,,
108707,,,,,,,,,,,79.999992,79.999992,55.736656,58.614059,0.403926,0.354284,,,,,,,,,,,,
108712,,,,,,,,,,,79.999992,79.999992,56.259052,58.888622,0.401076,0.353649,,,,,,,,,,,,
108717,,,,,,,,,,,79.999992,79.999992,56.736454,59.730980,0.398628,0.347253,,,,,,,,,,,,
108722,,,,,,,,,,,79.999992,79.999992,57.172737,59.909344,0.396548,0.347478,,,,,,,,,,,,
108727,,,,,,,,,,,79.999992,79.999992,58.162888,60.072342,0.388830,0.347841,,,,,,,,,,,,
108732,,,,,,,,,,,79.999992,79.999992,58.476311,60.812748,0.387848,0.342355,,,,,,,,,,,,
108742,,,,,,,,,,,79.999992,79.999992,59.697971,61.598328,0.379194,0.337599,,,,,,,,,,,,
108747,,,,,,,,,,,79.999992,79.999992,59.287731,61.615856,0.385368,0.339263,,,,,,,,,,,,
108752,,,,,,,,,,,79.999992,79.999992,59.504272,61.631874,0.385252,0.340939,,,,,,,,,,,,
108757,,,,,,,,,,,79.999992,79.999992,60.293606,62.237957,0.379329,0.336655,,,,,,,,,,,,
108762,,,,,,,,,,,79.999992,79.999992,60.423508,62.200394,0.379988,0.338810,,,,,,,,,,,,
108767,,,,,,,,,,,79.999992,79.999992,61.133667,62.757511,0.374773,0.334963,,,,,,,,,,,,
108772,,,,,,,,,,,79.999992,79.999992,61.782661,62.675198,0.370105,0.337519,,,,,,,,,,,,
108777,,,,,,,,,,,79.999992,79.999992,62.375755,63.191418,0.365936,0.334037,,,,,,,,,,,,
108782,,,,,,,,,,,79.999992,79.999992,62.917767,63.663177,0.362224,0.330954,,,,,,,,,,,,
108787,,,,,,,,,,,79.999992,79.999992,63.413094,64.094307,0.358930,0.328233,,,,,,,,,,,,
108792,,,,,,,,,,,79.999992,79.999992,63.865761,64.488297,0.356017,0.325844,,,,,,,,,,,,
108805,,,,,,,,,,,79.999992,79.999992,67.391090,68.502457,0.322650,0.287421,,,,,,,,,,,,
108807,,,,,,,,,,,79.999992,79.999992,63.952461,64.376663,0.358641,0.330241,,,,,,,,,,,,
108812,,,,,,,,,,,79.999992,79.999992,64.358673,65.337784,0.356143,0.322096,,,,,,,,,,,,
108817,,,,,,,,,,,79.999992,79.999992,64.729897,65.624680,0.353958,0.320665,,,,,,,,,,,,
108822,,,,,,,,,,,79.999992,79.999992,65.069145,65.886864,0.352058,0.319454,,,,,,,,,,,,
108827,,,,,,,,,,,79.999992,79.999992,65.970619,66.717911,0.344447,0.312472,,,,,,,,,,,,
108832,,,,,,,,,,,79.999992,79.999992,66.203003,66.885933,0.343502,0.312103,,,,,,,,,,,,
108837,,,,,,,,,,,79.899734,76.381943,66.415375,67.630928,0.341725,0.269348,,,,,,,,,,,,
108842,,,,,,,,,,,79.899734,76.381943,66.609451,67.720314,0.341113,0.269320,,,,,,,,,,,,
108847,,,,,,,,,,,79.899734,76.381943,67.378258,67.802002,0.334677,0.269361,,,,,,,,,,,,
108852,,,,,,,,,,,79.899734,76.381943,67.489403,67.876648,0.334807,0.269466,,,,,,,,,,,,
108864,,,,,,,,,,,79.768219,71.636848,70.417404,70.791763,0.305418,0.192430,,,,,,,,,,,,
108867,,,,,,,,,,,79.768219,71.636848,67.901009,67.651680,0.331768,0.224229,,,,,,,,,,,,
108872,,,,,,,,,,,79.768219,71.636848,67.967133,67.739273,0.332287,0.223743,,,,,,,,,,,,
108877,,,,,,,,,,,79.622032,66.361702,68.619003,67.819321,0.325407,0.170045,,,,,,,,,,,,
108882,,,,,,,,,,,79.622032,66.361702,68.623283,67.301033,0.326464,0.175134,,,,,,,,,,,,
108887,,,,,,,,,,,79.622032,66.361702,69.218636,66.235939,0.321551,0.185798,,,,,,,,,,,,
108892,,,,,,,,,,,79.622032,66.361702,69.762711,65.854027,0.317096,0.189668,,,,,,,,,,,,
108897,,,,,,,,,,,79.473991,61.019890,69.668480,66.096451,0.317539,0.133318,,,,,,,,,,,,
108902,,,,,,,,,,,79.473991,61.019890,70.173813,65.135109,0.313415,0.142520,,,,,,,,,,,,
108907,,,,,,,,,,,79.473991,61.019890,70.635620,64.848015,0.309681,0.145008,,,,,,,,,,,,
108912,,,,,,,,,,,79.473991,61.019890,71.057655,63.994202,0.306302,0.153248,,,,,,,,,,,,
108924,,,,,,,,,,,79.343910,56.326183,73.988907,64.306282,0.276127,0.101053,,,,,,,,,,,,
108927,,,,,,,,,,,79.343910,56.326183,70.573448,61.133347,0.311159,0.132302,,,,,,,,,,,,
108932,,,,,,,,,,,79.343910,56.326183,71.000839,60.008034,0.307719,0.143187,,,,,,,,,,,,
108937,,,,,,,,,,,79.246323,52.804958,71.391418,58.979645,0.303623,0.117641,,,,,,,,,,,,
108942,,,,,,,,,,,79.246323,52.804958,71.748352,58.039829,0.300804,0.126516,,,,,,,,,,,,
108947,,,,,,,,,,,79.246323,52.804958,72.074547,57.180962,0.298259,0.134667,,,,,,,,,,,,
108952,,,,,,,,,,,79.246323,52.804958,72.372643,55.804623,0.295965,0.148130,,,,,,,,,,,,
108957,,,,,,,,,,,79.174980,50.230560,72.645065,54.546829,0.293181,0.134532,,,,,,,,,,,,
108962,,,,,,,,,,,79.174980,50.230560,72.894028,53.988815,0.291319,0.139737,,,,,,,,,,,,
108967,,,,,,,,,,,79.174980,50.230560,73.121544,52.887417,0.289649,0.150485,,,,,,,,,,,,
108972,,,,,,,,,,,79.174980,50.230560,73.329460,51.880882,0.288155,0.160385,,,,,,,,,,,,
108977,,,,,,,,,,,79.119308,48.221764,73.519470,51.552486,0.286258,0.143248,,,,,,,,,,,,
108982,,,,,,,,,,,79.119308,48.221764,73.693115,50.660931,0.285064,0.151920,,,,,,,,,,,,
108987,,,,,,,,,,,79.119308,48.221764,73.851807,49.846165,0.284004,0.159905,,,,,,,,,,,,
108992,,,,,,,,,,,79.119308,48.221764,73.996826,49.693020,0.283066,0.161290,,,,,,,,,,,,
109004,,,,,,,,,,,79.077202,46.702568,76.443581,49.068573,0.258048,0.151406,,,,,,,,,,,,
109007,,,,,,,,,,,79.077202,46.702568,73.408150,47.208065,0.288970,0.169961,,,,,,,,,,,,
109012,,,,,,,,,,,79.077202,46.702568,73.591385,46.690693,0.287686,0.175136,,,,,,,,,,,,
109017,,,,,,,,,,,79.019920,44.635643,73.167389,46.217884,0.291938,0.159036,,,,,,,,,,,,
109022,,,,,,,,,,,79.019920,44.635643,73.371361,45.785797,0.290463,0.163242,,,,,,,,,,,,
109027,,,,,,,,,,,79.019920,44.635643,73.557762,44.799480,0.289146,0.173089,,,,,,,,,,,,
109032,,,,,,,,,,,79.019920,44.635643,73.728111,44.489563,0.287971,0.176203,,,,,,,,,,,,
109037,,,,,,,,,,,78.944130,41.900620,73.883789,44.206337,0.286163,0.151454,,,,,,,,,,,,
109042,,,,,,,,,,,78.944130,41.900620,73.434608,43.947506,0.291205,0.153838,,,,,,,,,,,,
109047,,,,,,,,,,,78.944130,41.900620,73.615562,43.710968,0.289929,0.156022,,,,,,,,,,,,
109052,,,,,,,,,,,78.944130,41.900620,73.780930,43.494804,0.288791,0.158025,,,,,,,,,,,,
109064,,,,,,,,,,,78.845512,38.342392,75.671829,43.351582,0.268818,0.122464,,,,,,,,,,,,
109067,,,,,,,,,,,78.845512,38.342392,72.702866,41.392036,0.299122,0.141755,,,,,,,,,,,,
109072,,,,,,,,,,,78.845512,38.342392,72.355400,40.784157,0.303245,0.147589,,,,,,,,,,,,
109077,,,,,,,,,,,78.747253,34.796780,72.629311,40.820080,0.300135,0.111171,,,,,,,,,,,,
109082,,,,,,,,,,,78.747253,34.796780,72.288185,40.261463,0.304193,0.116211,,,,,,,,,,,,
109087,,,,,,,,,,,78.747253,34.796780,72.567879,39.159515,0.302014,0.126794,,,,,,,,,,,,
109092,,,,,,,,,,,78.747253,34.796780,72.232040,38.743923,0.306023,0.130556,,,,,,,,,,,,
109097,,,,,,,,,,,78.655052,31.469933,71.925125,38.364124,0.308844,0.100396,,,,,,,,,,,,
109102,,,,,,,,,,,78.655052,31.469933,72.236092,37.425594,0.306376,0.109185,,,,,,,,,,,,
109107,,,,,,,,,,,78.655052,31.469933,71.928833,37.159344,0.310121,0.111279,,,,,,,,,,,,
109112,,,,,,,,,,,78.655052,31.469933,72.239479,36.324581,0.307656,0.119141,,,,,,,,,,,,
109124,,,,,,,,,,,78.589943,29.120665,74.384468,36.282307,0.285695,0.094297,,,,,,,,,,,,
109127,,,,,,,,,,,78.589943,29.120665,71.526390,34.340195,0.314982,0.113196,,,,,,,,,,,,
109132,,,,,,,,,,,78.589943,29.120665,71.280258,33.748245,0.318175,0.118653,,,,,,,,,,,,
109137,,,,,,,,,,,78.577835,28.683661,71.646767,33.207283,0.315081,0.119240,,,,,,,,,,,,
109142,,,,,,,,,,,78.577835,28.683661,71.390266,32.712914,0.318365,0.123781,,,,,,,,,,,,
109147,,,,,,,,,,,78.577835,28.683661,71.155853,32.261124,0.321452,0.127941,,,,,,,,,,,,
109152,,,,,,,,,,,78.577835,28.683661,70.941635,31.256802,0.324357,0.137727,,,,,,,,,,,,
109157,,,,,,,,,,,78.619125,30.173563,70.745865,30.930426,0.327515,0.155814,,,,,,,,,,,,
109162,,,,,,,,,,,78.619125,30.173563,71.158401,30.632162,0.324136,0.158751,,,,,,,,,,,,
109167,,,,,,,,,,,78.619125,30.173563,70.943962,30.359587,0.327048,0.161458,,,,,,,,,,,,
109172,,,,,,,,,,,78.619125,30.173563,70.747993,29.519045,0.329795,0.169929,,,,,,,,,,,,
109177,,,,,,,,,,,78.724388,33.971813,71.160347,29.342342,0.327480,0.210141,,,,,,,,,,,,
109182,,,,,,,,,,,78.724388,33.971813,70.945740,29.772305,0.330404,0.206262,,,,,,,,,,,,
109187,,,,,,,,,,,78.724388,33.971813,70.749619,29.573790,0.333163,0.208687,,,,,,,,,,,,
109192,,,,,,,,,,,78.724388,33.971813,70.570389,29.983818,0.335771,0.204985,,,,,,,,,,,,
109203,,,,,,,,,,,78.893303,40.066628,,,,,,,,,,,,,,,,
109204,,,,,,,,,,,78.893303,40.066628,71.909508,30.986767,0.324788,0.257428,,,,,,,,,,,,
109207,,,,,,,,,,,78.893303,40.066628,69.264595,29.500759,0.352200,0.273344,,,,,,,,,,,,
109212,,,,,,,,,,,78.893303,40.066628,69.804718,30.508522,0.347707,0.264222,,,,,,,,,,,,
109217,,,,,,,,,,,79.113289,48.004505,69.706871,30.838041,0.351826,0.342023,,,,,,,,,,,,
109222,,,,,,,,,,,79.113289,48.004505,69.617455,31.730623,0.353670,0.334724,,,,,,,,,,,,
109227,,,,,,,,,,,79.113289,48.004505,69.535736,33.137772,0.355445,0.322139,,,,,,,,,,,,
109232,,,,,,,,,,,79.113289,48.004505,70.052505,35.015167,0.351183,0.304664,,,,,,,,,,,,
109237,,,,,,,,,,,79.378807,57.585609,69.933319,36.139420,0.355975,0.391378,,,,,,,,,,,,
109242,,,,,,,,,,,79.378807,57.585609,69.824394,37.758282,0.358020,0.377172,,,,,,,,,,,,
109247,,,,,,,,,,,79.378807,57.585609,69.133408,39.829159,0.365954,0.358239,,,,,,,,,,,,
109252,,,,,,,,,,,79.378807,57.585609,69.684830,41.721668,0.361409,0.340900,,,,,,,,,,,,
109263,,,,,,,,,,,64.069069,79.558495,77.286095,50.548515,0.130977,0.475261,,,,,,,,,,,,
109264,,,,,,,,,,,64.069069,79.558495,71.220871,46.786205,0.190914,0.516162,,,,,,,,,,,,
109267,,,,,,,,,,,64.069069,79.558495,68.635269,46.305168,0.216314,0.524297,,,,,,,,,,,,
109272,,,,,,,,,,,64.069069,79.558495,68.046707,49.414234,0.221802,0.496221,,,,,,,,,,,,
109277,,,,,,,,,,,53.647877,79.269691,66.917389,52.255516,0.127556,0.467622,,,,,,,,,,,,
109282,,,,,,,,,,,53.647877,79.269691,65.885338,54.852077,0.136653,0.444098,,,,,,,,,,,,
109287,,,,,,,,,,,53.647877,79.269691,64.942177,57.816441,0.144955,0.416599,,,,,,,,,,,,
109292,,,,,,,,,,,53.647877,79.269691,63.488808,59.934036,0.158505,0.397357,,,,,,,,,,,,
109297,,,,,,,,,,,41.972446,78.946114,62.160618,62.460690,0.053013,0.370503,,,,,,,,,,,,
109302,,,,,,,,,,,41.972446,78.946114,60.355381,64.178276,0.069227,0.354804,,,,,,,,,,,,
109307,,,,,,,,,,,41.972446,78.946114,59.297073,65.747925,0.078078,0.340428,,,,,,,,,,,,
109312,,,,,,,,,,,41.972446,78.946114,57.738472,66.590935,0.092087,0.333233,,,,,,,,,,,,
109324,,,,,,,,,,,31.549229,77.622177,55.787796,69.126541,0.001989,0.295685,,,,,,,,,,,,
109327,,,,,,,,,,,31.549229,77.622177,52.757118,66.129883,0.030175,0.326801,,,,,,,,,,,,
109332,,,,,,,,,,,31.549229,77.622177,51.170361,66.348549,0.044080,0.325742,,,,,,,,,,,,
109337,,,,,,,,,,,25.497673,73.431023,49.720272,65.956940,-0.004357,0.288494,,,,,,,,,,,,
109342,,,,,,,,,,,25.497673,73.431023,47.803635,65.599060,0.012579,0.292856,,,,,,,,,,,,
109347,,,,,,,,,,,25.497673,73.431023,46.643520,65.272003,0.022065,0.296942,,,,,,,,,,,,
109352,,,,,,,,,,,25.497673,73.431023,44.991882,64.973114,0.036632,0.300777,,,,,,,,,,,,
109357,,,,,,,,,,,24.504854,72.559967,43.482502,64.699974,0.039900,0.295584,,,,,,,,,,,,
109362,,,,,,,,,,,24.504854,72.559967,42.103127,64.450356,0.051934,0.298891,,,,,,,,,,,,
109367,,,,,,,,,,,24.504854,72.559967,40.842556,64.222237,0.062906,0.302006,,,,,,,,,,,,
109372,,,,,,,,,,,24.504854,72.559967,39.099113,64.605209,0.078881,0.298971,,,,,,,,,,,,
109384,,,,,,,,,,,28.995924,75.496414,36.977966,66.978584,0.143058,0.305739,,,,,,,,,,,,
109387,,,,,,,,,,,28.995924,75.496414,34.975937,64.166931,0.162481,0.334989,,,,,,,,,,,,
109392,,,,,,,,,,,28.995924,75.496414,33.737785,64.554672,0.174388,0.332205,,,,,,,,,,,,
109397,,,,,,,,,,,37.531033,78.823029,32.606277,64.909012,0.271547,0.363320,,,,,,,,,,,,
109402,,,,,,,,,,,37.531033,78.823029,32.163673,65.824280,0.276509,0.355467,,,,,,,,,,,,
109407,,,,,,,,,,,37.531033,78.823029,31.759190,66.069267,0.281131,0.354292,,,,,,,,,,,,
109412,,,,,,,,,,,37.531033,78.823029,31.980988,66.884598,0.279468,0.347333,,,,,,,,,,,,
109417,,,,,,,,,,,48.380508,79.123703,31.592237,67.629707,0.393530,0.344038,,,,,,,,,,,,
109422,,,,,,,,,,,48.380508,79.123703,31.828417,67.719193,0.392823,0.344283,,,,,,,,,,,,
109427,,,,,,,,,,,48.380508,79.123703,33.227142,68.392418,0.380351,0.338624,,,,,,,,,,,,
109432,,,,,,,,,,,48.380508,79.123703,33.913952,69.007660,0.374930,0.333484,,,,,,,,,,,,
109437,,,,,,,,,,,59.529938,79.432693,35.133049,69.569908,0.476673,0.331937,,,,,,,,,,,,
109442,,,,,,,,,,,59.529938,79.432693,36.838593,69.492287,0.461886,0.333707,,,,,,,,,,,,
109447,,,,,,,,,,,59.529938,79.432693,38.988682,70.012794,0.442439,0.329444,,,,,,,,,,,,
109452,,,,,,,,,,,59.529938,79.432693,40.953583,69.897026,0.424648,0.331556,,,,,,,,,,,,
109464,,,,,,,,,,,69.991425,79.722626,47.174797,72.428154,0.471170,0.309920,,,,,,,,,,,,
109467,,,,,,,,,,,69.991425,79.722626,46.660290,69.738571,0.478648,0.337814,,,,,,,,,,,,
109472,,,,,,,,,,,69.991425,79.722626,48.555878,69.646423,0.461835,0.339743,,,,,,,,,,,,
109477,,,,,,,,,,,78.809700,79.967010,51.471088,70.153656,0.523600,0.338096,,,,,,,,,,,,
109482,,,,,,,,,,,78.809700,79.967010,53.543766,70.025757,0.505400,0.340369,,,,,,,,,,,,
109487,,,,,,,,,,,78.809700,79.967010,56.029369,70.500320,0.482822,0.336570,,,,,,,,,,,,
109492,,,,,,,,,,,78.809700,79.967010,58.300888,70.342560,0.462157,0.339110,,,,,,,,,,,,
109497,,,,,,,,,,,79.999992,79.999992,60.968204,70.198387,0.449290,0.341862,,,,,,,,,,,,
109502,,,,,,,,,,,79.999992,79.999992,62.814339,70.658081,0.432548,0.338199,,,,,,,,,,,,
109507,,,,,,,,,,,79.999992,79.999992,64.501465,70.486732,0.417226,0.340864,,,,,,,,,,,,
109512,,,,,,,,,,,79.999992,79.999992,66.043282,70.921593,0.403204,0.337423,,,,,,,,,,,,
109524,,,,,,,,,,,79.999992,79.999992,71.422630,73.334770,0.350517,0.313998,,,,,,,,,,,,
109527,,,,,,,,,,,79.999992,79.999992,68.819656,69.975655,0.377665,0.348592,,,,,,,,,,,,
109532,,,,,,,,,,,79.999992,79.999992,68.806656,70.454529,0.378914,0.344758,,,,,,,,,,,,
109537,,,,,,,,,,,79.999992,79.999992,69.386215,70.300713,0.374180,0.347266,,,,,,,,,,,,
109542,,,,,,,,,,,79.999992,79.999992,69.324417,70.160149,0.375866,0.349655,,,,,,,,,,,,
109547,,,,,,,,,,,79.999992,79.999992,69.267937,70.031693,0.377504,0.351937,,,,,,,,,,,,
109552,,,,,,,,,,,79.999992,79.999992,69.216324,70.505745,0.379098,0.348146,,,,,,,,,,,,
109557,,,,,,,,,,,79.999992,79.999992,69.169159,70.347519,0.380653,0.350693,,,,,,,,,,,,
109562,,,,,,,,,,,79.999992,79.999992,68.534607,70.794365,0.388145,0.347145,,,,,,,,,,,,
109567,,,,,,,,,,,79.999992,79.999992,68.546158,70.611282,0.389175,0.349915,,,,,,,,,,,,
109572,,,,,,,,,,,79.999992,79.999992,68.556709,71.035408,0.390214,0.346570,,,,,,,,,,,,
109584,,,,,,,,,,,79.999992,79.999992,70.227768,73.429825,0.374796,0.323313,,,,,,,,,,,,
109587,,,,,,,,,,,79.999992,79.999992,67.136261,70.062523,0.406997,0.357979,,,,,,,,,,,,
109592,,,,,,,,,,,79.999992,79.999992,67.268250,69.942474,0.406950,0.360186,,,,,,,,,,,,
109597,,,,,,,,,,,79.999992,79.999992,67.388870,70.424210,0.407005,0.356326,,,,,,,,,,,,
109602,,,,,,,,,,,79.999992,79.999992,67.499100,70.273010,0.407153,0.358810,,,,,,,,,,,,
109607,,,,,,,,,,,79.999992,79.999992,68.191284,70.726273,0.401412,0.355205,,,,,,,,,,,,
109612,,,,,,,,,,,79.999992,79.999992,68.232407,71.140495,0.402178,0.351949,,,,,,,,,,,,
109617,,,,,,,,,,,79.999992,79.999992,68.861427,71.519043,0.397001,0.349012,,,,,,,,,,,,
109622,,,,,,,,,,,79.999992,79.999992,68.844826,71.864990,0.398283,0.346366,,,,,,,,,,,,
109627,,,,,,,,,,,79.999992,79.999992,69.421097,71.589691,0.393578,0.349960,,,,,,,,,,,,
109632,,,,,,,,,,,79.999992,79.999992,69.356293,71.338104,0.395290,0.353342,,,,,,,,,,,,
109637,,,,,,,,,,,79.999992,79.999992,69.297073,71.699631,0.396953,0.350556,,,,,,,,,,,,
109642,,,,,,,,,,,79.999992,79.999992,69.242950,72.030022,0.398570,0.348050,,,,,,,,,,,,
109647,,,,,,,,,,,79.999992,79.999992,69.784935,71.740509,0.394172,0.351771,,,,,,,,,,,,
109652,,,,,,,,,,,79.999992,79.999992,69.688789,72.067375,0.396164,0.349295,,,,,,,,,,,,
109664,,,,,,,,,,,79.999992,79.999992,71.713745,74.240738,0.376896,0.328014,,,,,,,,,,,,
109667,,,,,,,,,,,79.999992,79.999992,69.085693,71.395035,0.404268,0.357331,,,,,,,,,,,,
109672,,,,,,,,,,,79.999992,79.999992,69.049774,71.751656,0.405722,0.354590,,,,,,,,,,,,
109677,,,,,,,,,,,79.999992,79.999992,69.016953,71.486122,0.407149,0.358097,,,,,,,,,,,,
109682,,,,,,,,,,,79.999992,79.999992,68.986954,71.834900,0.408550,0.355425,,,,,,,,,,,,
109687,,,,,,,,,,,79.999992,79.999992,68.959541,72.153641,0.409928,0.353023,,,,,,,,,,,,
109692,,,,,,,,,,,79.999992,79.999992,69.525932,72.444923,0.405312,0.350865,,,,,,,,,,,,
109697,,,,,,,,,,,79.999992,79.999992,70.043541,72.711121,0.401131,0.348932,,,,,,,,,,,,
109702,,,,,,,,,,,79.999992,79.999992,69.925125,72.954391,0.403323,0.347204,,,,,,,,,,,,
109707,,,,,,,,,,,79.999992,79.999992,70.408356,73.176704,0.399450,0.345663,,,,,,,,,,,,
109712,,,,,,,,,,,79.999992,79.999992,70.849960,73.379875,0.395949,0.344294,,,,,,,,,,,,
109724,,,,,,,,,,,79.999992,79.999992,72.142998,75.336884,0.383910,0.324946,,,,,,,,,,,,
109727,,,,,,,,,,,79.999992,79.999992,69.477974,72.988220,0.411612,0.349134,,,,,,,,,,,,
109732,,,,,,,,,,,79.999992,79.999992,69.999718,72.616180,0.407395,0.353593,,,,,,,,,,,,
109737,,,,,,,,,,,79.999992,79.999992,70.476524,73.459076,0.403579,0.345818,,,,,,,,,,,,
109742,,,,,,,,,,,79.999992,79.999992,70.912262,73.637924,0.400130,0.344665,,,,,,,,,,,,
109747,,,,,,,,,,,79.999992,79.999992,70.719025,73.801369,0.402991,0.343651,,,,,,,,,,,,
109752,,,,,,,,,,,79.999992,79.999992,71.133873,73.950737,0.399729,0.342762,,,,,,,,,,,,
109757,,,,,,,,,,,79.999992,79.999992,71.512993,74.087234,0.396786,0.341988,,,,,,,,,,,,
109762,,,,,,,,,,,79.999992,79.999992,71.268013,74.211983,0.400109,0.341320,,,,,,,,,,,,
109767,,,,,,,,,,,79.999992,79.999992,71.044136,74.325981,0.403244,0.340747,,,,,,,,,,,,
109772,,,,,,,,,,,79.999992,79.999992,71.430984,74.430161,0.400232,0.340262,,,,,,,,,,,,
109783,,,,,,,,,,,79.999992,79.999992,80.064743,83.397041,0.313888,0.250254,,,,,,,,,,,,
109784,,,,,,,,,,,79.999992,79.999992,73.168747,76.805481,0.383531,0.316489,,,,,,,,,,,,
109787,,,,,,,,,,,79.999992,79.999992,71.006821,74.330322,0.406050,0.341807,,,,,,,,,,,,
109792,,,,,,,,,,,79.999992,79.999992,71.396881,74.434128,0.403010,0.341326,,,,,,,,,,,,
109797,,,,,,,,,,,79.999992,79.999992,71.753349,74.528992,0.400270,0.340924,,,,,,,,,,,,
109802,,,,,,,,,,,79.999992,79.999992,71.487671,74.615685,0.403778,0.340596,,,,,,,,,,,,
109807,,,,,,,,,,,79.999992,79.999992,71.836319,74.694916,0.401107,0.340334,,,,,,,,,,,,
109812,,,,,,,,,,,79.999992,79.999992,72.154938,75.358765,0.398706,0.334160,,,,,,,,,,,,
109817,,,,,,,,,,,79.996933,79.889671,72.446114,75.373993,0.396519,0.333356,,,,,,,,,,,,
109822,,,,,,,,,,,79.996933,79.889671,72.712212,75.979355,0.394586,0.327693,,,,,,,,,,,,
109827,,,,,,,,,,,79.996933,79.889671,72.955391,75.941132,0.392858,0.328470,,,,,,,,,,,,
109832,,,,,,,,,,,79.996933,79.889671,73.177620,75.906197,0.391318,0.329218,,,,,,,,,,,,
109844,,,,,,,,,,,79.939301,77.809967,76.840424,79.068268,0.354074,0.275803,,,,,,,,,,,,
109847,,,,,,,,,,,79.939301,77.809967,73.179367,75.806770,0.391360,0.308619,,,,,,,,,,,,
109852,,,,,,,,,,,79.939301,77.809967,73.973755,75.783409,0.384013,0.309055,,,,,,,,,,,,
109857,,,,,,,,,,,79.882568,75.762917,74.108276,75.762062,0.382678,0.288798,,,,,,,,,,,,
109862,,,,,,,,,,,79.882568,75.762917,74.822655,76.334000,0.376040,0.283022,,,,,,,,,,,,
109867,,,,,,,,,,,79.882568,75.762917,74.884056,76.265228,0.375926,0.283659,,,,,,,,,,,,
109872,,,,,,,,,,,79.882568,75.762917,75.531616,76.202385,0.369886,0.284244,,,,,,,,,,,,
109877,,,,,,,,,,,79.854660,74.755814,76.123398,76.144951,0.364062,0.274608,,,,,,,,,,,,
109882,,,,,,,,,,,79.854660,74.755814,76.072769,76.092461,0.364946,0.274999,,,,,,,,,,,,
109887,,,,,,,,,,,79.854660,74.755814,76.617943,76.044495,0.359818,0.275350,,,,,,,,,,,,
109892,,,,,,,,,,,79.854660,74.755814,77.116165,76.000664,0.355110,0.275664,,,,,,,,,,,,
109897,,,,,,,,,,,79.854424,74.747215,76.980026,75.960602,0.356756,0.275857,,,,,,,,,,,,
109902,,,,,,,,,,,79.854424,74.747215,77.447060,75.332550,0.352327,0.282079,,,,,,,,,,,,
109907,,,,,,,,,,,79.854424,74.747215,77.873871,75.350037,0.348257,0.281844,,,,,,,,,,,,
109912,,,,,,,,,,,79.854424,74.747215,78.263916,75.366013,0.344515,0.281622,,,,,,,,,,,,
109924,,,,,,,,,,,79.886696,75.911674,81.577843,77.536125,0.310592,0.270510,,,,,,,,,,,,
109927,,,,,,,,,,,79.886696,75.911674,78.691643,74.406593,0.339573,0.301956,,,,,,,,,,,,
109932,,,,,,,,,,,79.886696,75.911674,79.011253,74.503830,0.336465,0.301124,,,,,,,,,,,,
109937,,,,,,,,,,,79.939575,77.819786,79.303337,75.184135,0.334136,0.313666,,,,,,,,,,,,
109942,,,,,,,,,,,79.939575,77.819786,79.570267,75.214401,0.331504,0.313624,,,,,,,,,,,,
109947,,,,,,,,,,,79.939575,77.819786,79.814201,75.242065,0.329077,0.313605,,,,,,,,,,,,
109952,,,,,,,,,,,79.939575,77.819786,80.037125,75.267342,0.326838,0.313607,,,,,,,,,,,,
109957,,,,,,,,,,,79.999992,79.999992,79.649406,75.290443,0.331354,0.335649,,,,,,,,,,,,
109962,,,,,,,,,,,79.999992,79.999992,80.477974,75.903000,0.323021,0.329934,,,,,,,,,,,,
109967,,,,,,,,,,,79.999992,79.999992,80.052284,75.871353,0.327273,0.330663,,,,,,,,,,,,
109972,,,,,,,,,,,79.999992,79.999992,80.254700,75.842430,0.325223,0.331368,,,,,,,,,,,,
109984,,,,,,,,,,,79.999992,79.999992,82.699959,79.065956,0.299451,0.298639,,,,,,,,,,,,
109987,,,,,,,,,,,79.999992,79.999992,79.717110,75.804657,0.329308,0.331672,,,,,,,,,,,,
109992,,,,,,,,,,,79.999992,79.999992,79.356949,75.781479,0.332974,0.332325,,,,,,,,,,,,
109997,,,,,,,,,,,79.999992,79.999992,79.619255,76.351746,0.330389,0.326987,,,,,,,,,,,,
110002,,,,,,,,,,,79.999992,79.999992,79.267525,76.872894,0.333979,0.322089,,,,,,,,,,,,
110007,,,,,,,,,,,79.999992,79.999992,79.537537,77.349152,0.331325,0.317591,,,,,,,,,,,,
110012,,,,,,,,,,,79.999992,79.999992,79.784294,77.192947,0.328879,0.319434,,,,,,,,,,,,
110017,,,,,,,,,,,79.999992,79.999992,79.418350,77.641640,0.332597,0.315183,,,,,,,,,,,,
110022,,,,,,,,,,,79.999992,79.999992,79.675369,78.051689,0.330059,0.311277,,,,,,,,,,,,
110027,,,,,,,,,,,79.999992,79.999992,79.318810,78.426422,0.333693,0.307687,,,,,,,,,,,,
110032,,,,,,,,,,,79.999992,79.999992,79.584404,78.768875,0.331079,0.304386,,,,,,,,,,,,
110044,,,,,,,,,,,79.999458,79.980713,82.140152,81.510002,0.304313,0.275772,,,,,,,,,,,,
110047,,,,,,,,,,,79.999458,79.980713,79.205521,78.038200,0.333739,0.310685,,,,,,,,,,,,
110052,,,,,,,,,,,79.999458,79.980713,78.889427,78.414093,0.337011,0.307082,,,,,,,,,,,,
110057,,,,,,,,,,,79.921906,77.182205,79.192001,78.757607,0.333283,0.275504,,,,,,,,,,,,
110062,,,,,,,,,,,79.921906,77.182205,79.468513,78.480087,0.330563,0.278150,,,,,,,,,,,,
110067,,,,,,,,,,,79.921906,77.182205,79.721214,78.817917,0.328056,0.274608,,,,,,,,,,,,
110072,,,,,,,,,,,79.921906,77.182205,79.952148,78.535210,0.325744,0.277300,,,,,,,,,,,,
110077,,,,,,,,,,,79.858032,74.877510,79.571747,78.276848,0.328938,0.256497,,,,,,,,,,,,
110082,,,,,,,,,,,79.858032,74.877510,79.815552,78.632187,0.326504,0.252568,,,,,,,,,,,,
110087,,,,,,,,,,,79.858032,74.877510,80.038361,78.365471,0.324258,0.254886,,,,,,,,,,,,
110092,,,,,,,,,,,79.858032,74.877510,80.241982,78.121727,0.322183,0.256999,,,,,,,,,,,,
110097,,,,,,,,,,,79.802261,72.865234,80.428062,77.898979,0.319702,0.238600,,,,,,,,,,,,
110102,,,,,,,,,,,79.802261,72.865234,80.006668,77.695419,0.323896,0.240153,,,,,,,,,,,,
110107,,,,,,,,,,,79.802261,72.865234,80.213013,77.509392,0.321791,0.241549,,,,,,,,,,,,
110112,,,,,,,,,,,79.802261,72.865234,80.401588,77.339386,0.319845,0.242801,,,,,,,,,,,,
110124,,,,,,,,,,,79.789680,72.411041,82.873573,78.694641,0.293667,0.222773,,,,,,,,,,,,
110127,,,,,,,,,,,79.789680,72.411041,79.284325,75.465324,0.329610,0.254761,,,,,,,,,,,,
110132,,,,,,,,,,,79.789680,72.411041,79.552887,74.879929,0.326948,0.260368,,,,,,,,,,,,
110137,,,,,,,,,,,79.775246,71.890221,79.798317,74.344955,0.324347,0.260264,,,,,,,,,,,,
110142,,,,,,,,,,,79.775246,71.890221,80.022614,74.447502,0.322079,0.258983,,,,,,,,,,,,
110147,,,,,,,,,,,79.775246,71.890221,80.227585,73.949776,0.319984,0.263754,,,,,,,,,,,,
110152,,,,,,,,,,,79.775246,71.890221,79.823463,73.494919,0.324020,0.268142,,,,,,,,,,,,
110157,,,,,,,,,,,79.836311,74.093719,80.045593,73.670677,0.322389,0.288462,,,,,,,,,,,,
110162,,,,,,,,,,,79.836311,74.093719,80.248589,73.239853,0.320318,0.292856,,,,,,,,,,,,
110167,,,,,,,,,,,79.836311,74.093719,80.434097,73.437584,0.318403,0.290944,,,,,,,,,,,,
110172,,,,,,,,,,,79.836311,74.093719,80.603630,73.618286,0.316631,0.289185,,,,,,,,,,,,
110184,,,,,,,,,,,79.836311,74.093719,82.450867,75.535995,0.296858,0.269007,,,,,,,,,,,,
110187,,,,,,,,,,,79.912300,76.835617,79.489471,72.578735,0.327275,0.326424,,,,,,,,,,,,
110192,,,,,,,,,,,79.912300,76.835617,79.148918,72.833405,0.330756,0.324278,,,,,,,,,,,,
110197,,,,,,,,,,,79.993179,79.753792,79.429146,73.066139,0.328819,0.351801,,,,,,,,,,,,
110202,,,,,,,,,,,79.993179,79.753792,79.685234,73.278831,0.326289,0.350322,,,,,,,,,,,,
110207,,,,,,,,,,,79.993179,79.753792,79.919266,73.473206,0.323956,0.349006,,,,,,,,,,,,
110212,,,,,,,,,,,79.993179,79.753792,80.133141,74.242279,0.321804,0.341866,,,,,,,,,,,,
110217,,,,,,,,,,,79.999992,79.999992,80.328598,74.353668,0.319884,0.343779,,,,,,,,,,,,
110222,,,,,,,,,,,79.999992,79.999992,80.507217,75.046913,0.318047,0.337342,,,,,,,,,,,,
110227,,,,,,,,,,,79.999992,79.999992,81.261902,75.088997,0.310374,0.337412,,,,,,,,,,,,
110232,,,,,,,,,,,79.999992,79.999992,81.360138,75.718903,0.309256,0.331541,,,,,,,,,,,,
110244,,,,,,,,,,,79.999992,79.999992,83.082664,78.911850,0.290631,0.299086,,,,,,,,,,,,
110247,,,,,,,,,,,79.999992,79.999992,80.066849,76.255272,0.320783,0.326026,,,,,,,,,,,,
110252,,,,,,,,,,,79.999992,79.999992,80.268013,76.784729,0.318744,0.321053,,,,,,,,,,,,
110257,,,,,,,,,,,79.999992,79.999992,79.860405,77.268585,0.322834,0.316488,,,,,,,,,,,,
110262,,,,,,,,,,,79.999992,79.999992,79.487907,77.710762,0.326610,0.312295,,,,,,,,,,,,
110267,,,,,,,,,,,79.999992,79.999992,79.147491,77.523415,0.330100,0.314416,,,,,,,,,,,,
110272,,,,,,,,,,,79.999992,79.999992,78.836395,77.352203,0.333327,0.316393,,,,,,,,,,,,
110277,,,,,,,,,,,79.999992,79.999992,79.143539,77.787178,0.330341,0.312264,,,,,,,,,,,,
110282,,,,,,,,,,,79.999992,79.999992,78.832787,78.184692,0.333565,0.308471,,,,,,,,,,,,
110287,,,,,,,,,,,79.999992,79.999992,78.548798,77.956520,0.336550,0.310957,,,,,,,,,,,,
110292,,,,,,,,,,,79.999992,79.999992,78.880714,78.339447,0.333343,0.307294,,,,,,,,,,,,
110304,,,,,,,,,,,79.820038,73.506462,80.522400,80.559921,0.314292,0.217984,,,,,,,,,,,,
110307,,,,,,,,,,,79.820038,73.506462,77.727104,77.761391,0.342454,0.245543,,,,,,,,,,,,
110312,,,,,,,,,,,79.820038,73.506462,77.538345,77.569679,0.344570,0.247054,,,,,,,,,,,,
110317,,,,,,,,,,,79.605644,65.770508,77.957291,77.394478,0.338402,0.170284,,,,,,,,,,,,
110322,,,,,,,,,,,79.605644,65.770508,78.340149,76.642921,0.334700,0.176713,,,,,,,,,,,,
110327,,,,,,,,,,,79.605644,65.770508,78.098587,76.547546,0.337266,0.176589,,,,,,,,,,,,
110332,,,,,,,,,,,79.605644,65.770508,78.469276,75.868942,0.333673,0.182365,,,,,,,,,,,,
110337,,,,,,,,,,,79.418266,59.009369,78.808037,75.248787,0.328472,0.119331,,,,,,,,,,,,
110342,,,,,,,,,,,79.418266,59.009369,78.526176,74.682045,0.331380,0.123431,,,,,,,,,,,,
110347,,,,,,,,,,,79.418266,59.009369,78.860039,73.572670,0.328097,0.133069,,,,,,,,,,,,
110352,,,,,,,,,,,79.418266,59.009369,79.165146,72.558846,0.325072,0.141852,,,,,,,,,,,,
110357,,,,,,,,,,,79.413445,58.835289,79.443977,71.632339,0.322232,0.148096,,,,,,,,,,,,
110362,,,,,,,,,,,79.413445,58.835289,79.698792,70.194191,0.319655,0.161342,,,,,,,,,,,,
110367,,,,,,,,,,,79.413445,58.835289,79.931656,68.879913,0.317275,0.173480,,,,,,,,,,,,
110372,,,,,,,,,,,79.413445,58.835289,80.144463,68.270279,0.315074,0.178633,,,,,,,,,,,,
110384,,,,,,,,,,,79.689896,68.810455,83.199341,67.877487,0.285868,0.281924,,,,,,,,,,,,
110387,,,,,,,,,,,79.689896,68.810455,79.582031,64.396965,0.322052,0.317171,,,,,,,,,,,,
110392,,,,,,,,,,,79.689896,68.810455,79.824951,64.173447,0.319609,0.319870,,,,,,,,,,,,
110397,,,,,,,,,,,79.999992,79.999992,80.046951,64.560623,0.320486,0.429437,,,,,,,,,,,,
110402,,,,,,,,,,,79.999992,79.999992,80.249832,64.914452,0.318432,0.427408,,,,,,,,,,,,
110407,,,,,,,,,,,79.999992,79.999992,80.435234,65.829247,0.316534,0.419677,,,,,,,,,,,,
110412,,,,,,,,,,,79.999992,79.999992,80.604668,66.665253,0.314779,0.412650,,,,,,,,,,,,
110417,,,,,,,,,,,79.999992,79.999992,80.759506,67.429253,0.313155,0.406267,,,,,,,,,,,,
110422,,,,,,,,,,,79.999992,79.999992,81.492455,68.127449,0.305676,0.400472,,,,,,,,,,,,
110427,,,,,,,,,,,79.999992,79.999992,81.570831,69.356956,0.304735,0.389242,,,,,,,,,,,,
110432,,,,,,,,,,,79.999992,79.999992,81.642456,69.889122,0.303855,0.384931,,,,,,,,,,,,
110444,,,,,,,,,,,79.999992,79.999992,83.858955,74.094009,0.280128,0.343430,,,,,,,,,,,,
110447,,,,,,,,,,,79.999992,79.999992,80.184837,71.260948,0.316851,0.372634,,,,,,,,,,,,
110452,,,,,,,,,,,79.999992,79.999992,80.375839,72.220566,0.314903,0.363816,,,,,,,,,,,,
110457,,,,,,,,,,,79.999992,79.999992,80.550392,73.688980,0.313102,0.349763,,,,,,,,,,,,
110462,,,,,,,,,,,79.999992,79.999992,80.118462,73.848030,0.317410,0.348788,,,,,,,,,,,,
110467,,,,,,,,,,,79.999992,79.999992,79.132294,74.584824,0.327358,0.341961,,,,,,,,,,,,
110472,,,,,,,,,,,79.999992,79.999992,78.822510,74.666710,0.330574,0.341676,,,,,,,,,,,,
110477,,,,,,,,,,,79.999992,79.999992,78.539406,74.741547,0.333551,0.341453,,,,,,,,,,,,
110482,,,,,,,,,,,79.999992,79.999992,78.280685,74.809937,0.336310,0.341288,,,,,,,,,,,,
110487,,,,,,,,,,,79.999992,79.999992,77.452805,75.463882,0.344844,0.335203,,,,,,,,,,,,
110492,,,,,,,,,,,79.999992,79.999992,77.287674,75.470055,0.346766,0.335594,,,,,,,,,,,,
110504,,,,,,,,,,,79.999992,79.999992,79.191956,78.163521,0.327203,0.308290,,,,,,,,,,,,
110507,,,,,,,,,,,79.999992,79.999992,75.919807,74.979950,0.360333,0.340627,,,,,,,,,,,,
110512,,,,,,,,,,,79.999992,79.999992,75.295265,75.619247,0.367049,0.334673,,,,,,,,,,,,
110517,,,,,,,,,,,79.999992,79.999992,75.315964,75.612038,0.367310,0.335183,,,,,,,,,,,,
110522,,,,,,,,,,,79.999992,79.999992,75.334877,76.196899,0.367588,0.329715,,,,,,,,,,,,
110527,,,,,,,,,,,79.999992,79.999992,75.943604,76.139938,0.361906,0.330671,,,,,,,,,,,,
110532,,,,,,,,,,,79.999992,79.999992,75.908455,76.679329,0.362667,0.325609,,,,,,,,,,,,
110537,,,,,,,,,,,79.999992,79.999992,75.876335,76.580818,0.363400,0.326936,,,,,,,,,,,,
110542,,,,,,,,,,,79.999992,79.999992,75.846985,77.082237,0.364109,0.322214,,,,,,,,,,,,
110547,,,,,,,,,,,79.999992,79.999992,75.820160,77.540466,0.364795,0.317877,,,,,,,,,,,,
110552,,,,,,,,,,,79.999992,79.999992,76.387093,77.959229,0.359487,0.313894,,,,,,,,,,,,
110564,,,,,,,,,,,79.856087,74.807068,78.929390,81.374321,0.332067,0.225798,,,,,,,,,,,,
110567,,,,,,,,,,,79.856087,74.807068,76.271301,77.914200,0.359006,0.260088,,,,,,,,,,,,
110572,,,,,,,,,,,79.856087,74.807068,76.207932,77.709328,0.360004,0.261847,,,,,,,,,,,,
110577,,,,,,,,,,,79.597816,65.488121,76.741463,77.522102,0.352372,0.169326,,,,,,,,,,,,
110582,,,,,,,,,,,79.597816,65.488121,77.229042,77.350998,0.347733,0.169851,,,,,,,,,,,,
110587,,,,,,,,,,,79.597816,65.488121,77.083183,76.603188,0.349443,0.176218,,,,,,,,,,,,
110592,,,,,,,,,,,79.597816,65.488121,77.541328,75.919785,0.345067,0.182008,,,,,,,,,,,,
110597,,,,,,,,,,,79.378616,57.578487,77.960014,75.295250,0.338830,0.107386,,,,,,,,,,,,
110602,,,,,,,,,,,79.378616,57.578487,78.342644,74.724503,0.335108,0.111379,,,,,,,,,,,,
110607,,,,,,,,,,,79.378616,57.578487,78.692314,73.611473,0.331680,0.120906,,,,,,,,,,,,
110612,,,,,,,,,,,79.378616,57.578487,79.011871,72.594307,0.328521,0.129576,,,,,,,,,,,,
110617,,,,,,,,,,,79.286118,54.240852,78.712456,71.073303,0.330647,0.109726,,,,,,,,,,,,
110622,,,,,,,,,,,79.286118,54.240852,79.030273,70.274750,0.327495,0.116108,,,,,,,,,,,,
110627,,,,,,,,,,,79.286118,54.240852,79.320717,68.362083,0.324587,0.133823,,,,,,,,,,,,
110632,,,,,,,,,,,79.286118,54.240852,79.586143,67.205605,0.321902,0.144091,,,,,,,,,,,,
110647,,,,,,,,,,,79.505180,62.145561,79.064888,62.159935,0.327197,0.271778,,,,,,,,,,,,
110652,,,,,,,,,,,79.505180,62.145561,78.760910,60.946201,0.330311,0.284035,,,,,,,,,,,,
110657,,,,,,,,,,,14.093589,6.151461,79.074554,60.428452,-0.333440,-0.276156,,,,,,,,,,,,
110662,,,,,,,,,,,14.093589,6.151461,78.178299,58.772408,-0.330885,-0.264858,,,,,,,,,,,,
110667,,,,,,,,,,,14.093589,6.151461,74.993454,55.484661,-0.305127,-0.236914,,,,,,,,,,,,
110672,,,,,,,,,,,14.093589,6.151461,70.900032,50.705757,-0.269873,-0.193580,,,,,,,,,,,,
110677,,,,,,,,,,,28.721540,15.656929,65.976288,46.338459,-0.078082,-0.057920,,,,,,,,,,,,
110682,,,,,,,,,,,28.721540,15.656929,61.476627,42.347317,-0.036361,-0.020678,,,,,,,,,,,,
110687,,,,,,,,,,,28.721540,15.656929,57.364521,38.699932,0.001896,0.013492,,,,,,,,,,,,
110692,,,,,,,,,,,28.721540,15.656929,53.606594,35.366699,0.036987,0.044853,,,,,,,,,,,,
110706,,,,,,,,,,,40.536171,22.224247,49.094002,30.077286,0.198085,0.161566,,,,,,,,,,,,
110707,,,,,,,,,,,40.536171,22.224247,44.865524,27.486723,0.239936,0.186945,,,,,,,,,,,,
110712,,,,,,,,,,,40.536171,22.224247,43.367027,26.302176,0.254638,0.198383,,,,,,,,,,,,
110717,,,,,,,,,,,47.935738,26.469269,43.180485,26.402544,0.330975,0.239836,,,,,,,,,,,,
110722,,,,,,,,,,,47.935738,26.469269,44.192902,27.085712,0.321225,0.232943,,,,,,,,,,,,
110727,,,,,,,,,,,47.935738,26.469269,45.118118,28.301483,0.312255,0.220602,,,,,,,,,,,,
110732,,,,,,,,,,,47.935738,26.469269,46.555088,29.412540,0.298023,0.209197,,,,,,,,,,,,
110737,,,,,,,,,,,51.492664,30.951349,47.276848,30.427902,0.326796,0.243917,,,,,,,,,,,,
110742,,,,,,,,,,,51.492664,30.951349,47.936443,31.947254,0.320556,0.228624,,,,,,,,,,,,
110747,,,,,,,,,,,51.492664,30.951349,48.539227,32.744301,0.314823,0.220474,,,,,,,,,,,,
110752,,,,,,,,,,,51.492664,30.951349,49.090092,33.472698,0.309555,0.212938,,,,,,,,,,,,
110764,,,,,,,,,,,52.898605,37.463291,51.808056,36.062546,0.296165,0.252099,,,,,,,,,,,,
110767,,,,,,,,,,,52.898605,37.463291,50.303043,35.322250,0.311474,0.259716,,,,,,,,,,,,
110772,,,,,,,,,,,52.898605,37.463291,50.701992,36.420052,0.307705,0.248842,,,,,,,,,,,,
110777,,,,,,,,,,,52.278496,44.143074,51.658024,36.831856,0.292005,0.312253,,,,,,,,,,,,
110782,,,,,,,,,,,52.278496,44.143074,51.940266,37.799633,0.289217,0.303210,,,,,,,,,,,,
110787,,,,,,,,,,,52.278496,44.143074,52.789642,38.684055,0.280672,0.294912,,,,,,,,,,,,
110792,,,,,,,,,,,52.278496,44.143074,52.974419,40.083748,0.278754,0.281321,,,,,,,,,,,,
110797,,,,,,,,,,,50.068489,49.448681,53.143280,41.362885,0.254658,0.322394,,,,,,,,,,,,
110802,,,,,,,,,,,50.068489,49.448681,53.297596,41.940403,0.252792,0.317369,,,,,,,,,,,,
110807,,,,,,,,,,,50.068489,49.448681,52.847176,43.059628,0.257018,0.306816,,,,,,,,,,,,
110812,,,,,,,,,,,50.068489,49.448681,53.026997,43.491009,0.254924,0.303098,,,,,,,,,,,,
110817,,,,,,,,,,,46.252598,52.519527,52.599884,44.476677,0.220402,0.324754,,,,,,,,,,,,
110822,,,,,,,,,,,46.252598,52.519527,52.801003,44.786007,0.217736,0.322434,,,,,,,,,,,,
110827,,,,,,,,,,,46.252598,52.519527,52.393356,45.660137,0.221198,0.314379,,,,,,,,,,,,
110832,,,,,,,,,,,46.252598,52.519527,52.612267,46.458981,0.218373,0.306996,,,,,,,,,,,,
110843,,,,,,,,,,,41.424652,53.103401,58.135323,53.694912,0.162094,0.287068,,,,,,,,,,,,
110844,,,,,,,,,,,,,53.128117,49.070160,,,,,,,,,,,,,,
110847,,,,,,,,,,,41.424652,53.103401,51.509407,47.800961,0.177272,0.300290,,,,,,,,,,,,
110852,,,,,,,,,,,41.424652,53.103401,51.213005,49.006859,0.179258,0.288640,,,,,,,,,,,,
110857,,,,,,,,,,,36.509556,52.237686,50.942131,49.517448,0.131372,0.275149,,,,,,,,,,,,
110862,,,,,,,,,,,36.509556,52.237686,50.103146,50.575504,0.138403,0.264735,,,,,,,,,,,,
110867,,,,,,,,,,,36.509556,52.237686,49.336422,51.542431,0.144787,0.255135,,,,,,,,,,,,
110872,,,,,,,,,,,36.509556,52.237686,48.635735,51.834629,0.150581,0.252254,,,,,,,,,,,,
110877,,,,,,,,,,,0.000000,0.000000,48.586842,52.693108,-0.218884,-0.283977,,,,,,,,,,,,
110882,,,,,,,,,,,0.000000,0.000000,47.359272,51.703308,-0.211344,-0.279250,,,,,,,,,,,,
110887,,,,,,,,,,,0.000000,0.000000,45.054543,49.024426,-0.192802,-0.257363,,,,,,,,,,,,
110892,,,,,,,,,,,0.000000,0.000000,42.356876,45.984833,-0.170061,-0.231566,,,,,,,,,,,,
110904,,,,,,,,,,,0.000000,0.000000,36.996197,38.404602,-0.124202,-0.163806,,,,,,,,,,,,
110907,,,,,,,,,,,0.000000,0.000000,33.809708,35.096806,-0.095719,-0.134238,,,,,,,,,,,,
110912,,,,,,,,,,,0.000000,0.000000,30.897671,32.073910,-0.069688,-0.107216,,,,,,,,,,,,
110917,,,,,,,,,,,0.000000,0.000000,28.236448,28.719933,-0.045899,-0.076549,,,,,,,,,,,,
110922,,,,,,,,,,,0.000000,0.000000,25.212992,25.654835,-0.018186,-0.048463,,,,,,,,,,,,
110927,,,,,,,,,,,0.000000,0.000000,23.041391,22.853733,0.001226,-0.022738,,,,,,,,,,,,
110932,,,,,,,,,,,0.000000,0.000000,21.056831,20.293892,0.018966,0.000831,,,,,,,,,,,,
110937,,,,,,,,,,,0.000000,0.000000,19.243202,18.545975,0.035178,0.016456,,,,,,,,,,,,
110942,,,,,,,,,,,0.000000,0.000000,17.585781,16.948606,0.049993,0.030735,,,,,,,,,,,,
110947,,,,,,,,,,,0.000000,0.000000,17.845449,16.671709,0.045612,0.031837,,,,,,,,,,,,
110952,,,,,,,,,,,0.000000,0.000000,18.674196,17.010105,0.035457,0.026752,,,,,,,,,,,,
110964,,,,,,,,,,,0.000000,0.000000,18.838924,19.070658,0.029865,0.002152,,,,,,,,,,,,
110967,,,,,,,,,,,0.000000,0.000000,17.807770,18.610989,0.038395,0.004888,,,,,,,,,,,,
110972,,,,,,,,,,,0.000000,0.000000,17.456873,18.782354,0.040159,0.001296,,,,,,,,,,,,
110977,,,,,,,,,,,0.000000,0.000000,17.136198,18.938961,0.041652,-0.002164,,,,,,,,,,,,
110982,,,,,,,,,,,0.000000,0.000000,17.434589,18.490635,0.036924,0.000470,,,,,,,,,,,,
110987,,,,,,,,,,,0.000000,0.000000,17.115835,17.489477,0.038400,0.008733,,,,,,,,,,,,
110992,,,,,,,,,,,0.000000,0.000000,17.415979,17.165995,0.033657,0.010251,,,,,,,,,,,,
110997,,,,,,,,,,,0.000000,0.000000,17.098827,16.870375,0.035119,0.011520,,,,,,,,,,,,
111002,,,,,,,,,,,0.000000,0.000000,16.808992,16.008770,0.036336,0.018535,,,,,,,,,,,,
111007,,,,,,,,,,,0.000000,0.000000,16.544121,15.812821,0.037331,0.018914,,,,,,,,,,,,
111012,,,,,,,,,,,0.000000,0.000000,16.893507,15.633750,0.032147,0.019141,,,,,,,,,,,,
111024,,,,,,,,,,,0.000000,0.000000,16.270761,15.218667,0.034967,0.020105,,,,,,,,,,,,
111027,,,,,,,,,,,0.000000,0.000000,15.460802,14.499325,0.041521,0.025848,,,,,,,,,,,,
111032,,,,,,,,,,,0.000000,0.000000,15.312050,13.841940,0.041477,0.031038,,,,,,,,,,,,
111037,,,,,,,,,,,0.000000,0.000000,14.584664,13.241176,0.047293,0.035721,,,,,,,,,,,,
111042,,,,,,,,,,,0.000000,0.000000,14.511374,12.692156,0.046574,0.039942,,,,,,,,,,,,
111047,,,,,,,,,,,0.000000,0.000000,13.852951,12.190423,0.051773,0.043741,,,,,,,,,,,,
111052,,,,,,,,,,,0.000000,0.000000,13.251239,11.731904,0.056465,0.047153,,,,,,,,,,,,
111057,,,,,,,,,,,0.000000,0.000000,12.701352,11.312878,0.060694,0.050212,,,,,,,,,,,,
111062,,,,,,,,,,,0.000000,0.000000,12.198827,10.929942,0.064499,0.052948,,,,,,,,,,,,
111067,,,,,,,,,,,0.000000,0.000000,12.331029,10.579988,0.061944,0.055389,,,,,,,,,,,,
111072,,,,,,,,,,,0.000000,0.000000,11.860400,10.260177,0.065465,0.057562,,,,,,,,,,,,
111077,,,,,,,,,,,0.000000,0.000000,11.430306,9.967911,0.068622,0.059487,,,,,,,,,,,,
111082,,,,,,,,,,,0.000000,0.000000,11.037256,9.700817,0.071449,0.061188,,,,,,,,,,,,
111087,,,,,,,,,,,0.000000,0.000000,10.678060,9.456729,0.073973,0.062683,,,,,,,,,,,,
111092,,,,,,,,,,,0.000000,0.000000,10.349801,9.233664,0.076221,0.063991,,,,,,,,,,,,
111104,,,,,,,,,,,0.000000,0.000000,9.724727,9.333078,0.080435,0.061042,,,,,,,,,,,,
111107,,,,,,,,,,,0.000000,0.000000,9.478579,8.529219,0.081949,0.068228,,,,,,,,,,,,
111112,,,,,,,,,,,0.000000,0.000000,9.253632,8.386040,0.083273,0.068821,,,,,,,,,,,,
111117,,,,,,,,,,,0.000000,0.000000,9.048059,8.255194,0.084424,0.069304,,,,,,,,,,,,
111122,,,,,,,,,,,0.000000,0.000000,8.860193,8.135617,0.085416,0.069686,,,,,,,,,,,,
111127,,,,,,,,,,,0.000000,0.000000,8.688508,8.026340,0.086264,0.069976,,,,,,,,,,,,
111132,,,,,,,,,,,0.000000,0.000000,8.531610,7.926474,0.086980,0.070182,,,,,,,,,,,,
111137,,,,,,,,,,,0.000000,0.000000,8.388226,7.835210,0.087575,0.070311,,,,,,,,,,,,
111142,,,,,,,,,,,0.000000,0.000000,8.257191,7.751807,0.088060,0.070370,,,,,,,,,,,,
111147,,,,,,,,,,,0.000000,0.000000,8.137442,7.675587,0.088444,0.070365,,,,,,,,,,,,
111152,,,,,,,,,,,0.000000,0.000000,8.028007,7.605932,0.088735,0.070301,,,,,,,,,,,,
111164,,,,,,,,,,,0.000000,0.000000,7.785661,7.433162,0.089528,0.070472,,,,,,,,,,,,
111167,,,,,,,,,,,0.000000,0.000000,7.706525,6.792943,0.089549,0.076195,,,,,,,,,,,,
111172,,,,,,,,,,,0.000000,0.000000,7.042761,6.799310,0.095482,0.075451,,,,,,,,,,,,
111177,,,,,,,,,,,0.000000,0.000000,7.027611,6.805129,0.094931,0.074712,,,,,,,,,,,,
111182,,,,,,,,,,,0.000000,0.000000,6.422322,6.219001,0.100342,0.079952,,,,,,,,,,,,
111187,,,,,,,,,,,0.000000,0.000000,6.460611,6.274802,0.099313,0.078766,,,,,,,,,,,,
111192,,,,,,,,,,,0.000000,0.000000,5.904157,6.325797,0.104287,0.077624,,,,,,,,,,,,
111197,,,,,,,,,,,0.000000,0.000000,5.987076,6.372400,0.102859,0.076520,,,,,,,,,,,,
111202,,,,,,,,,,,0.000000,0.000000,6.062852,6.414989,0.101495,0.075453,,,,,,,,,,,,
111207,,,,,,,,,,,0.000000,0.000000,5.540658,5.862464,0.106163,0.080392,,,,,,,,,,,,
111212,,,,,,,,,,,0.000000,0.000000,5.654884,5.948974,0.104455,0.078932,,,,,,,,,,,,
111225,,,,,,,,,,,0.000000,0.000000,5.803729,6.589844,0.101751,0.071143,,,,,,,,,,,,
111227,,,,,,,,,,,0.000000,0.000000,5.303853,6.022260,0.106219,0.076217,,,,,,,,,,,,
111232,,,,,,,,,,,0.000000,0.000000,5.438476,6.095006,0.104329,0.074880,,,,,,,,,,,,
111237,,,,,,,,,,,0.000000,0.000000,5.561503,6.161487,0.102543,0.073599,,,,,,,,,,,,
111242,,,,,,,,,,,0.000000,0.000000,5.082490,5.630796,0.106825,0.078343,,,,,,,,,,,,
111247,,,,,,,,,,,0.000000,0.000000,5.236179,5.737260,0.104764,0.076704,,,,,,,,,,,,
111252,,,,,,,,,,,0.000000,0.000000,5.376631,5.834553,0.102822,0.075148,,,,,,,,,,,,
111257,,,,,,,,,,,0.000000,0.000000,4.913540,5.923467,0.106962,0.073667,,,,,,,,,,,,
111262,,,,,,,,,,,0.000000,0.000000,5.081781,6.004722,0.104771,0.072254,,,,,,,,,,,,
111267,,,,,,,,,,,0.000000,0.000000,5.235531,6.078979,0.102710,0.070903,,,,,,,,,,,,
111272,,,,,,,,,,,0.000000,0.000000,4.784594,5.555395,0.106741,0.075583,,,,,,,,,,,,
111277,,,,,,,,,,,0.000000,0.000000,4.963941,5.668353,0.104451,0.073887,,,,,,,,,,,,
111282,,,,,,,,,,,0.000000,0.000000,5.127840,5.771581,0.102299,0.072278,,,,,,,,,,,,
111287,,,,,,,,,,,0.000000,0.000000,5.277623,5.865919,0.100274,0.070748,,,,,,,,,,,,
111292,,,,,,,,,,,0.000000,0.000000,4.823061,5.952131,0.104337,0.069290,,,,,,,,,,,,
111304,,,,,,,,,,,0.000000,0.000000,5.109025,6.051977,0.100407,0.067024,,,,,,,,,,,,
111307,,,,,,,,,,,0.000000,0.000000,5.260428,5.530719,0.098367,0.071684,,,,,,,,,,,,
111312,,,,,,,,,,,0.000000,0.000000,4.807346,5.645802,0.102417,0.069968,,,,,,,,,,,,
111317,,,,,,,,,,,0.000000,0.000000,4.984734,5.750972,0.100145,0.068342,,,,,,,,,,,,
111322,,,,,,,,,,,0.000000,0.000000,5.146842,5.255640,0.098009,0.072769,,,,,,,,,,,,
111327,,,,,,,,,,,0.000000,0.000000,5.294989,5.394415,0.095998,0.070842,,,,,,,,,,,,
111332,,,,,,,,,,,0.000000,0.000000,4.838930,5.521238,0.100075,0.069022,,,,,,,,,,,,
111337,,,,,,,,,,,0.000000,0.000000,5.013597,5.637138,0.097827,0.067299,,,,,,,,,,,,
111342,,,,,,,,,,,0.000000,0.000000,5.173220,5.743055,0.095713,0.065666,,,,,,,,,,,,
111347,,,,,,,,,,,0.000000,0.000000,5.319094,5.248405,0.093723,0.070087,,,,,,,,,,,,
111352,,,,,,,,,,,0.000000,0.000000,5.452404,5.387803,0.091844,0.068155,,,,,,,,,,,,
111374,,,,,,,,,,,0.000000,0.000000,6.757123,6.698085,0.078122,0.054382,,,,,,,,,,,,
111375,,,,,,,,,,,0.000000,0.000000,5.157210,5.112151,0.092423,0.068559,,,,,,,,,,,,
111377,,,,,,,,,,,0.000000,0.000000,4.713018,5.263285,0.096394,0.066521,,,,,,,,,,,,
111382,,,,,,,,,,,0.000000,0.000000,4.898530,5.401402,0.094049,0.064600,,,,,,,,,,,,
111387,,,,,,,,,,,0.000000,0.000000,5.068063,4.936178,0.091847,0.068758,,,,,,,,,,,,
111392,,,,,,,,,,,0.000000,0.000000,5.222995,5.102469,0.089775,0.066585,,,,,,,,,,,,
111397,,,,,,,,,,,0.000000,0.000000,4.773137,5.254437,0.093796,0.064540,,,,,,,,,,,,
111402,,,,,,,,,,,0.000000,0.000000,4.953471,4.801871,0.091498,0.068585,,,,,,,,,,,,
111407,,,,,,,,,,,0.000000,0.000000,5.118272,4.979730,0.089338,0.066309,,,,,,,,,,,,
111412,,,,,,,,,,,0.000000,0.000000,5.268879,5.142270,0.087305,0.064169,,,,,,,,,,,,
111424,,,,,,,,,,,0.000000,0.000000,5.481354,5.375615,0.084032,0.060710,,,,,,,,,,,,
111427,,,,,,,,,,,0.000000,0.000000,5.009244,4.912612,0.088252,0.064849,,,,,,,,,,,,
111432,,,,,,,,,,,0.000000,0.000000,4.577797,5.080933,0.092109,0.062657,,,,,,,,,,,,
111437,,,,,,,,,,,0.000000,0.000000,4.774955,4.643311,0.089660,0.066569,,,,,,,,,,,,
