timestamp,robot_id,x,y,angle,qx,qy,qz,qw,detected
1773078043.380670,8,1.706393,0.225687,-73.4890,0.0,0.0,-0.598248,0.801311,1
1773078043.380670,9,1.512821,0.089877,-85.3502,0.0,0.0,-0.677840,0.735209,1
1773078043.380670,10,1.544431,0.426356,-137.0969,0.0,0.0,-0.930727,0.365714,1
1773078043.380670,7,,,,,,,,0
1773078043.582043,8,1.706359,0.225645,-73.5134,0.0,0.0,-0.598418,0.801184,1
1773078043.582043,9,1.512953,0.089883,-85.4846,0.0,0.0,-0.678702,0.734413,1
1773078043.582043,10,1.544457,0.426300,-137.0416,0.0,0.0,-0.930550,0.366164,1
1773078043.582043,7,,,,,,,,0
1773078043.784239,8,1.706332,0.225673,-73.6534,0.0,0.0,-0.599397,0.800452,1
1773078043.784239,9,1.512893,0.089954,-85.3077,0.0,0.0,-0.677568,0.735460,1
1773078043.784239,10,1.544466,0.426351,-137.0511,0.0,0.0,-0.930581,0.366086,1
1773078043.784239,7,,,,,,,,0
1773078043.944363,8,1.706332,0.225709,-73.6488,0.0,0.0,-0.599364,0.800476,1
1773078043.944363,9,1.512796,0.089902,-85.3437,0.0,0.0,-0.677799,0.735248,1
1773078043.944363,10,1.544463,0.426349,-137.2475,0.0,0.0,-0.931207,0.364491,1
1773078043.944363,7,,,,,,,,0
1773078044.048895,8,1.706337,0.225620,-73.4764,0.0,0.0,-0.598160,0.801377,1
1773078044.048895,9,1.512815,0.089928,-85.3431,0.0,0.0,-0.677795,0.735251,1
1773078044.048895,10,1.544445,0.426351,-137.0050,0.0,0.0,-0.930434,0.366460,1
1773078044.048895,7,,,,,,,,0
1773078044.223294,8,1.706394,0.225720,-73.6484,0.0,0.0,-0.599362,0.800478,1
1773078044.223294,9,1.512874,0.089849,-85.3752,0.0,0.0,-0.678001,0.735061,1
1773078044.223294,10,1.544441,0.426272,-137.0938,0.0,0.0,-0.930717,0.365739,1
1773078044.223294,7,,,,,,,,0
1773078044.371337,8,1.706385,0.225683,-73.7073,0.0,0.0,-0.599773,0.800170,1
1773078044.371337,9,1.512836,0.089841,-85.2542,0.0,0.0,-0.677224,0.735777,1
1773078044.371337,10,1.544445,0.426363,-137.1239,0.0,0.0,-0.930813,0.365495,1
1773078044.371337,7,,,,,,,,0
1773078044.538926,8,1.706324,0.225715,-73.5837,0.0,0.0,-0.598909,0.800817,1
1773078044.538926,9,1.512842,0.089942,-85.4128,0.0,0.0,-0.678242,0.734839,1
1773078044.538926,10,1.544442,0.426358,-137.0675,0.0,0.0,-0.930633,0.365953,1
1773078044.538926,7,,,,,,,,0
1773078044.692056,8,1.706310,0.225714,-73.5423,0.0,0.0,-0.598620,0.801033,1
1773078044.692056,9,1.512862,0.089872,-85.3020,0.0,0.0,-0.677531,0.735494,1
1773078044.692056,10,1.544420,0.426283,-137.1655,0.0,0.0,-0.930946,0.365157,1
1773078044.692056,7,,,,,,,,0
1773078044.839449,8,1.706348,0.225725,-73.7291,0.0,0.0,-0.599925,0.800056,1
1773078044.839449,9,1.512826,0.089831,-85.3155,0.0,0.0,-0.677617,0.735415,1
1773078044.839449,10,1.544443,0.426266,-137.0231,0.0,0.0,-0.930491,0.366314,1
1773078044.839449,7,,,,,,,,0
1773078044.958588,8,,,,,,,,0
1773078044.958588,9,,,,,,,,0
1773078044.958588,10,1.542468,0.422151,-137.4591,0.0,0.0,-0.931878,0.362771,1
1773078044.958588,7,,,,,,,,0
1773078045.062505,8,,,,,,,,0
1773078045.062505,9,,,,,,,,0
1773078045.062505,10,,,,,,,,0
1773078045.062505,7,,,,,,,,0
1773078045.169567,8,,,,,,,,0
1773078045.169567,9,,,,,,,,0
1773078045.169567,10,,,,,,,,0
1773078045.169567,7,,,,,,,,0
1773078045.263920,8,,,,,,,,0
1773078045.263920,9,,,,,,,,0
1773078045.263920,10,,,,,,,,0
1773078045.263920,7,,,,,,,,0
1773078045.353136,8,,,,,,,,0
1773078045.353136,9,,,,,,,,0
1773078045.353136,10,,,,,,,,0
1773078045.353136,7,,,,,,,,0
1773078045.436066,8,,,,,,,,0
1773078045.436066,9,,,,,,,,0
1773078045.436066,10,,,,,,,,0
1773078045.436066,7,,,,,,,,0
1773078045.516615,8,,,,,,,,0
1773078045.516615,9,,,,,,,,0
1773078045.516615,10,,,,,,,,0
1773078045.516615,7,,,,,,,,0
1773078045.630415,8,,,,,,,,0
1773078045.630415,9,,,,,,,,0
1773078045.630415,10,1.543042,0.422279,-139.0238,0.0,0.0,-0.936745,0.350013,1
1773078045.630415,7,,,,,,,,0
1773078045.764027,8,1.705760,0.223974,-73.6907,0.0,0.0,-0.599657,0.800257,1
1773078045.764027,9,1.512132,0.088045,-85.4510,0.0,0.0,-0.678487,0.734613,1
1773078045.764027,10,1.543715,0.424596,-137.1697,0.0,0.0,-0.930959,0.365123,1
1773078045.764027,7,,,,,,,,0
1773078045.850374,8,1.705666,0.223944,-73.7398,0.0,0.0,-0.600000,0.800000,1
1773078045.850374,9,1.512130,0.087998,-85.5634,0.0,0.0,-0.679207,0.733947,1
1773078045.850374,10,1.543744,0.424703,-137.0106,0.0,0.0,-0.930451,0.366415,1
1773078045.850374,7,,,,,,,,0
1773078045.935118,8,1.705703,0.223935,-73.8994,0.0,0.0,-0.601114,0.799163,1
1773078045.935118,9,1.512112,0.088046,-85.5342,0.0,0.0,-0.679020,0.734120,1
1773078045.935118,10,1.543684,0.424623,-136.7892,0.0,0.0,-0.929742,0.368212,1
1773078045.935118,7,,,,,,,,0
1773078046.026348,8,1.705797,0.224023,-73.7914,0.0,0.0,-0.600360,0.799730,1
1773078046.026348,9,1.512110,0.088033,-85.3543,0.0,0.0,-0.677867,0.735185,1
1773078046.026348,10,1.543682,0.424667,-136.8147,0.0,0.0,-0.929824,0.368005,1
1773078046.026348,7,,,,,,,,0
1773078046.132847,8,1.705629,0.223928,-73.8029,0.0,0.0,-0.600441,0.799669,1
1773078046.132847,9,1.512126,0.088073,-85.4902,0.0,0.0,-0.678738,0.734381,1
1773078046.132847,10,1.543845,0.424604,-137.1346,0.0,0.0,-0.930847,0.365408,1
1773078046.132847,7,,,,,,,,0
1773078046.239483,8,1.705711,0.223940,-73.7288,0.0,0.0,-0.599923,0.800057,1
1773078046.239483,9,1.512137,0.088059,-85.4092,0.0,0.0,-0.678219,0.734860,1
1773078046.239483,10,1.543718,0.424608,-137.1206,0.0,0.0,-0.930803,0.365522,1
1773078046.239483,7,,,,,,,,0
1773078046.354409,8,1.705732,0.223887,-73.8755,0.0,0.0,-0.600947,0.799289,1
1773078046.354409,9,1.512134,0.087998,-85.5633,0.0,0.0,-0.679206,0.733947,1
1773078046.354409,10,1.543779,0.424659,-137.0412,0.0,0.0,-0.930549,0.366166,1
1773078046.354409,7,,,,,,,,0
1773078046.459441,8,1.705665,0.223873,-73.8977,0.0,0.0,-0.601102,0.799172,1
1773078046.459441,9,1.512073,0.088082,-85.5094,0.0,0.0,-0.678861,0.734267,1
1773078046.459441,10,1.543738,0.424614,-137.0464,0.0,0.0,-0.930566,0.366125,1
1773078046.459441,7,,,,,,,,0
1773078046.545859,8,1.705718,0.223862,-73.8347,0.0,0.0,-0.600662,0.799503,1
1773078046.545859,9,1.512219,0.088064,-85.5099,0.0,0.0,-0.678864,0.734264,1
1773078046.545859,10,1.543757,0.424669,-137.1538,0.0,0.0,-0.930909,0.365252,1
1773078046.545859,7,,,,,,,,0
1773078046.642320,8,1.705702,0.223913,-74.0788,0.0,0.0,-0.602364,0.798221,1
1773078046.642320,9,1.512137,0.088090,-85.4508,0.0,0.0,-0.678486,0.734614,1
1773078046.642320,10,1.543687,0.424688,-137.2148,0.0,0.0,-0.931103,0.364757,1
1773078046.642320,7,,,,,,,,0
1773078046.739420,8,1.705743,0.223928,-73.8433,0.0,0.0,-0.600723,0.799458,1
1773078046.739420,9,1.512123,0.087964,-85.4390,0.0,0.0,-0.678410,0.734684,1
1773078046.739420,10,1.543654,0.424715,-136.9133,0.0,0.0,-0.930140,0.367205,1
1773078046.739420,7,,,,,,,,0
1773078046.834632,8,1.705678,0.223844,-73.9347,0.0,0.0,-0.601360,0.798979,1
1773078046.834632,9,1.512114,0.088031,-85.4695,0.0,0.0,-0.678606,0.734503,1
1773078046.834632,10,1.543766,0.424631,-137.1167,0.0,0.0,-0.930790,0.365554,1
1773078046.834632,7,,,,,,,,0
1773078046.937860,8,1.705661,0.223911,-73.7392,0.0,0.0,-0.599996,0.800003,1
1773078046.937860,9,1.512121,0.088117,-85.3765,0.0,0.0,-0.678009,0.735054,1
1773078046.937860,10,1.543713,0.424716,-137.0478,0.0,0.0,-0.930570,0.366113,1
1773078046.937860,7,,,,,,,,0
1773078047.029254,8,1.705683,0.223867,-73.8180,0.0,0.0,-0.600546,0.799591,1
1773078047.029254,9,1.512131,0.087978,-85.3220,0.0,0.0,-0.677659,0.735376,1
1773078047.029254,10,1.543808,0.424680,-137.1031,0.0,0.0,-0.930747,0.365664,1
1773078047.029254,7,,,,,,,,0
1773078047.127989,8,1.705663,0.223892,-73.8707,0.0,0.0,-0.600913,0.799314,1
1773078047.127989,9,1.512154,0.088051,-85.4786,0.0,0.0,-0.678663,0.734450,1
1773078047.127989,10,1.543706,0.424594,-137.0676,0.0,0.0,-0.930634,0.365952,1
1773078047.127989,7,,,,,,,,0
1773078047.231517,8,1.705738,0.223879,-73.9171,0.0,0.0,-0.601237,0.799071,1
1773078047.231517,9,1.512155,0.088016,-85.3721,0.0,0.0,-0.677981,0.735080,1
1773078047.231517,10,1.543771,0.424704,-137.1682,0.0,0.0,-0.930955,0.365135,1
1773078047.231517,7,,,,,,,,0
1773078047.333896,8,1.705749,0.223926,-73.8382,0.0,0.0,-0.600687,0.799484,1
1773078047.333896,9,1.512134,0.088056,-85.4093,0.0,0.0,-0.678219,0.734860,1
1773078047.333896,10,1.543693,0.424600,-137.1282,0.0,0.0,-0.930827,0.365460,1
1773078047.333896,7,,,,,,,,0
1773078047.430132,8,1.705668,0.223911,-73.9585,0.0,0.0,-0.601526,0.798853,1
1773078047.430132,9,1.512174,0.088085,-85.2861,0.0,0.0,-0.677429,0.735588,1
1773078047.430132,10,1.543716,0.424627,-136.9760,0.0,0.0,-0.930341,0.366696,1
1773078047.430132,7,,,,,,,,0
1773078047.529254,8,1.705716,0.223916,-73.8676,0.0,0.0,-0.600892,0.799330,1
1773078047.529254,9,1.512119,0.087999,-85.5357,0.0,0.0,-0.679029,0.734111,1
1773078047.529254,10,1.543690,0.424625,-136.8905,0.0,0.0,-0.930067,0.367390,1
1773078047.529254,7,,,,,,,,0
1773078047.636246,8,1.705642,0.223887,-73.9616,0.0,0.0,-0.601548,0.798837,1
1773078047.636246,9,1.512133,0.088001,-85.4786,0.0,0.0,-0.678664,0.734449,1
1773078047.636246,10,1.543659,0.424674,-136.9830,0.0,0.0,-0.930363,0.366639,1
1773078047.636246,7,,,,,,,,0
1773078047.742683,8,1.705698,0.223888,-73.7482,0.0,0.0,-0.600059,0.799956,1
1773078047.742683,9,1.512116,0.088000,-85.3241,0.0,0.0,-0.677673,0.735364,1
1773078047.742683,10,1.543729,0.424633,-136.9516,0.0,0.0,-0.930263,0.366894,1
1773078047.742683,7,,,,,,,,0
1773078047.845934,8,1.705699,0.223806,-74.0020,0.0,0.0,-0.601829,0.798625,1
1773078047.845934,9,1.512106,0.088039,-85.5203,0.0,0.0,-0.678931,0.734202,1
1773078047.845934,10,1.543750,0.424598,-136.8857,0.0,0.0,-0.930052,0.367429,1
1773078047.845934,7,,,,,,,,0
1773078047.949510,8,1.705734,0.224014,-73.7644,0.0,0.0,-0.600172,0.799871,1
1773078047.949510,9,1.512062,0.088038,-85.4833,0.0,0.0,-0.678694,0.734421,1
1773078047.949510,10,1.543668,0.424701,-137.1232,0.0,0.0,-0.930811,0.365501,1
1773078047.949510,7,,,,,,,,0
1773078048.091915,8,1.705712,0.223858,-73.5771,0.0,0.0,-0.598864,0.800851,1
1773078048.091915,9,1.512131,0.088077,-85.6216,0.0,0.0,-0.679580,0.733602,1
1773078048.091915,10,1.543806,0.424764,-137.1784,0.0,0.0,-0.930987,0.365052,1
1773078048.091915,7,,,,,,,,0
1773078048.213440,8,1.705713,0.223943,-73.8041,0.0,0.0,-0.600449,0.799663,1
1773078048.213440,9,1.512157,0.088095,-85.4826,0.0,0.0,-0.678689,0.734425,1
1773078048.213440,10,1.543658,0.424705,-136.9442,0.0,0.0,-0.930239,0.366954,1
1773078048.213440,7,,,,,,,,0
1773078048.322221,8,1.705662,0.223894,-73.8476,0.0,0.0,-0.600752,0.799435,1
1773078048.322221,9,1.512115,0.088030,-85.4093,0.0,0.0,-0.678219,0.734859,1
1773078048.322221,10,1.543692,0.424621,-137.1313,0.0,0.0,-0.930837,0.365435,1
1773078048.322221,7,,,,,,,,0
1773078048.420102,8,1.705721,0.224040,-73.8945,0.0,0.0,-0.601080,0.799189,1
1773078048.420102,9,1.512148,0.088065,-85.4729,0.0,0.0,-0.678627,0.734483,1
1773078048.420102,10,1.543723,0.424666,-137.1434,0.0,0.0,-0.930875,0.365337,1
1773078048.420102,7,,,,,,,,0
1773078048.514777,8,1.705745,0.223871,-73.6489,0.0,0.0,-0.599365,0.800476,1
1773078048.514777,9,1.512168,0.088010,-85.4008,0.0,0.0,-0.678164,0.734910,1
1773078048.514777,10,1.543711,0.424689,-137.1055,0.0,0.0,-0.930755,0.365644,1
1773078048.514777,7,,,,,,,,0
1773078048.607848,8,1.705728,0.223976,-73.8575,0.0,0.0,-0.600821,0.799383,1
1773078048.607848,9,1.512125,0.088030,-85.4931,0.0,0.0,-0.678757,0.734363,1
1773078048.607848,10,1.543659,0.424707,-137.1860,0.0,0.0,-0.931011,0.364990,1
1773078048.607848,7,,,,,,,,0
1773078048.707969,8,1.705787,0.223921,-73.7933,0.0,0.0,-0.600373,0.799720,1
1773078048.707969,9,1.512062,0.087978,-85.6197,0.0,0.0,-0.679567,0.733613,1
1773078048.707969,10,1.543675,0.424719,-136.9817,0.0,0.0,-0.930359,0.366650,1
1773078048.707969,7,,,,,,,,0
1773078048.823219,8,1.705652,0.223776,-73.8818,0.0,0.0,-0.600991,0.799256,1
1773078048.823219,9,1.512156,0.088089,-85.3549,0.0,0.0,-0.677870,0.735181,1
1773078048.823219,10,1.543777,0.424611,-136.9909,0.0,0.0,-0.930389,0.366575,1
1773078048.823219,7,,,,,,,,0
1773078048.915560,8,1.705765,0.223868,-73.6546,0.0,0.0,-0.599405,0.800446,1
1773078048.915560,9,1.512066,0.087975,-85.5200,0.0,0.0,-0.678929,0.734204,1
1773078048.915560,10,1.543752,0.424681,-137.0287,0.0,0.0,-0.930509,0.366269,1
1773078048.915560,7,,,,,,,,0
1773078049.010987,8,1.705723,0.223954,-73.8507,0.0,0.0,-0.600774,0.799419,1
1773078049.010987,9,1.512160,0.088045,-85.5433,0.0,0.0,-0.679078,0.734066,1
1773078049.010987,10,1.543815,0.424693,-137.0873,0.0,0.0,-0.930696,0.365792,1
1773078049.010987,7,,,,,,,,0
1773078049.107463,8,1.705699,0.223898,-73.8817,0.0,0.0,-0.600990,0.799256,1
1773078049.107463,9,1.512144,0.088031,-85.4537,0.0,0.0,-0.678504,0.734597,1
1773078049.107463,10,1.543795,0.424667,-136.8000,0.0,0.0,-0.929776,0.368125,1
1773078049.107463,7,,,,,,,,0
1773078049.190949,8,1.705656,0.223972,-73.9767,0.0,0.0,-0.601653,0.798758,1
1773078049.190949,9,1.512094,0.088023,-85.5503,0.0,0.0,-0.679123,0.734024,1
1773078049.190949,10,1.543673,0.424520,-136.9739,0.0,0.0,-0.930334,0.366713,1
1773078049.190949,7,,,,,,,,0
1773078049.293553,8,1.705750,0.223914,-74.0787,0.0,0.0,-0.602364,0.798222,1
1773078049.293553,9,1.512168,0.088056,-85.4759,0.0,0.0,-0.678647,0.734465,1
1773078049.293553,10,1.543750,0.424581,-137.0349,0.0,0.0,-0.930529,0.366218,1
1773078049.293553,7,,,,,,,,0
1773078049.396937,8,1.705748,0.223786,-73.8006,0.0,0.0,-0.600424,0.799682,1
1773078049.396937,9,1.512159,0.088012,-85.3697,0.0,0.0,-0.677965,0.735094,1
1773078049.396937,10,1.543719,0.424583,-137.0311,0.0,0.0,-0.930517,0.366249,1
1773078049.396937,7,,,,,,,,0
1773078049.489297,8,1.705720,0.223929,-73.6887,0.0,0.0,-0.599643,0.800267,1
1773078049.489297,9,1.512084,0.088107,-85.5110,0.0,0.0,-0.678871,0.734257,1
1773078049.489297,10,1.543654,0.424611,-137.0556,0.0,0.0,-0.930595,0.366049,1
1773078049.489297,7,,,,,,,,0
1773078049.571531,8,1.705635,0.223926,-73.8726,0.0,0.0,-0.600927,0.799304,1
1773078049.571531,9,1.512101,0.088069,-85.5133,0.0,0.0,-0.678886,0.734243,1
1773078049.571531,10,1.543769,0.424610,-137.1695,0.0,0.0,-0.930959,0.365125,1
1773078049.571531,7,,,,,,,,0
1773078049.655809,8,1.705757,0.223863,-74.0574,0.0,0.0,-0.602215,0.798334,1
1773078049.655809,9,1.512076,0.088005,-85.5122,0.0,0.0,-0.678879,0.734250,1
1773078049.655809,10,1.543691,0.424611,-137.0848,0.0,0.0,-0.930689,0.365812,1
1773078049.655809,7,,,,,,,,0
1773078049.754269,8,1.705657,0.223905,-73.9256,0.0,0.0,-0.601296,0.799026,1
1773078049.754269,9,1.512074,0.088019,-85.5130,0.0,0.0,-0.678884,0.734246,1
1773078049.754269,10,1.543685,0.424726,-137.0006,0.0,0.0,-0.930419,0.366496,1
1773078049.754269,7,,,,,,,,0
1773078049.851303,8,1.705676,0.224009,-73.8179,0.0,0.0,-0.600545,0.799591,1
1773078049.851303,9,1.512117,0.088015,-85.3580,0.0,0.0,-0.677891,0.735163,1
1773078049.851303,10,1.543692,0.424630,-137.0121,0.0,0.0,-0.930456,0.366403,1
1773078049.851303,7,,,,,,,,0
1773078049.937842,8,1.705704,0.223784,-73.8636,0.0,0.0,-0.600864,0.799351,1
1773078049.937842,9,1.512132,0.087996,-85.4466,0.0,0.0,-0.678459,0.734639,1
1773078049.937842,10,1.543702,0.424651,-137.1969,0.0,0.0,-0.931046,0.364902,1
1773078049.937842,7,,,,,,,,0
1773078050.021746,8,1.705752,0.223779,-73.7136,0.0,0.0,-0.599817,0.800137,1
1773078050.021746,9,1.512089,0.088097,-85.4420,0.0,0.0,-0.678429,0.734666,1
1773078050.021746,10,1.543728,0.424700,-136.8946,0.0,0.0,-0.930080,0.367357,1
1773078050.021746,7,,,,,,,,0
1773078050.110438,8,1.705773,0.223962,-73.9514,0.0,0.0,-0.601476,0.798891,1
1773078050.110438,9,1.512134,0.088074,-85.4684,0.0,0.0,-0.678598,0.734510,1
1773078050.110438,10,1.543787,0.424579,-136.9804,0.0,0.0,-0.930355,0.366660,1
1773078050.110438,7,,,,,,,,0
1773078050.198188,8,1.705713,0.223981,-73.8712,0.0,0.0,-0.600917,0.799312,1
1773078050.198188,9,1.512137,0.088000,-85.5205,0.0,0.0,-0.678932,0.734201,1
1773078050.198188,10,1.543701,0.424584,-136.9767,0.0,0.0,-0.930343,0.366690,1
1773078050.198188,7,,,,,,,,0
1773078050.311065,8,1.705761,0.223964,-73.6846,0.0,0.0,-0.599615,0.800289,1
1773078050.311065,9,1.512150,0.087967,-85.5714,0.0,0.0,-0.679258,0.733899,1
1773078050.311065,10,1.543690,0.424758,-137.2642,0.0,0.0,-0.931260,0.364355,1
1773078050.311065,7,,,,,,,,0
1773078050.429621,8,1.705681,0.223947,-73.6093,0.0,0.0,-0.599088,0.800683,1
1773078050.429621,9,1.512154,0.088056,-85.4793,0.0,0.0,-0.678668,0.734445,1
1773078050.429621,10,1.543692,0.424770,-137.0661,0.0,0.0,-0.930629,0.365964,1
1773078050.429621,7,,,,,,,,0
1773078050.548900,8,1.705753,0.223935,-73.5234,0.0,0.0,-0.598488,0.801132,1
1773078050.548900,9,1.512147,0.088024,-85.5868,0.0,0.0,-0.679357,0.733808,1
1773078050.548900,10,1.543859,0.424702,-137.3823,0.0,0.0,-0.931635,0.363395,1
1773078050.548900,7,,,,,,,,0
1773078050.662205,8,1.705606,0.223870,-73.8785,0.0,0.0,-0.600968,0.799273,1
1773078050.662205,9,1.512057,0.087989,-85.7114,0.0,0.0,-0.680154,0.733069,1
1773078050.662205,10,1.543704,0.424747,-136.9319,0.0,0.0,-0.930199,0.367054,1
1773078050.662205,7,,,,,,,,0
1773078050.762665,8,1.705712,0.223913,-73.8018,0.0,0.0,-0.600433,0.799675,1
1773078050.762665,9,1.512087,0.088027,-85.4256,0.0,0.0,-0.678324,0.734763,1
1773078050.762665,10,1.543703,0.424645,-137.0523,0.0,0.0,-0.930585,0.366076,1
1773078050.762665,7,,,,,,,,0
1773078050.875891,8,1.705717,0.223932,-73.8263,0.0,0.0,-0.600604,0.799547,1
1773078050.875891,9,1.512152,0.087989,-85.5043,0.0,0.0,-0.678828,0.734297,1
1773078050.875891,10,1.543751,0.424584,-137.1007,0.0,0.0,-0.930739,0.365683,1
1773078050.875891,7,,,,,,,,0
1773078050.965066,8,1.705674,0.223846,-73.8486,0.0,0.0,-0.600759,0.799430,1
1773078050.965066,9,1.512122,0.088007,-85.4812,0.0,0.0,-0.678680,0.734434,1
1773078050.965066,10,1.543751,0.424657,-137.1622,0.0,0.0,-0.930935,0.365184,1
1773078050.965066,7,,,,,,,,0
1773078051.067637,8,1.705701,0.223901,-74.0228,0.0,0.0,-0.601974,0.798516,1
1773078051.067637,9,1.512157,0.088028,-85.4170,0.0,0.0,-0.678269,0.734814,1
1773078051.067637,10,1.543766,0.424729,-137.0857,0.0,0.0,-0.930691,0.365806,1
1773078051.067637,7,,,,,,,,0
1773078051.167830,8,1.705675,0.223941,-73.8073,0.0,0.0,-0.600471,0.799646,1
1773078051.167830,9,1.512122,0.088073,-85.4278,0.0,0.0,-0.678338,0.734750,1
1773078051.167830,10,1.543732,0.424751,-137.1147,0.0,0.0,-0.930784,0.365570,1
1773078051.167830,7,,,,,,,,0
1773078051.266178,8,1.705629,0.223869,-73.9309,0.0,0.0,-0.601334,0.798998,1
1773078051.266178,9,1.512075,0.088139,-85.2442,0.0,0.0,-0.677160,0.735836,1
1773078051.266178,10,1.543772,0.424561,-137.2686,0.0,0.0,-0.931274,0.364320,1
1773078051.266178,7,,,,,,,,0
1773078051.403683,8,1.705710,0.223866,-73.9852,0.0,0.0,-0.601712,0.798713,1
1773078051.403683,9,1.512111,0.087994,-85.4585,0.0,0.0,-0.678535,0.734568,1
1773078051.403683,10,1.543756,0.424649,-137.0153,0.0,0.0,-0.930466,0.366377,1
1773078051.403683,7,,,,,,,,0
1773078051.522094,8,1.705717,0.223941,-73.8644,0.0,0.0,-0.600869,0.799347,1
1773078051.522094,9,1.512158,0.088079,-85.4270,0.0,0.0,-0.678333,0.734755,1
1773078051.522094,10,1.543660,0.424632,-137.1937,0.0,0.0,-0.931036,0.364928,1
1773078051.522094,7,,,,,,,,0
1773078051.631819,8,1.705678,0.223912,-74.0090,0.0,0.0,-0.601878,0.798588,1
1773078051.631819,9,1.512163,0.088055,-85.4965,0.0,0.0,-0.678778,0.734343,1
1773078051.631819,10,1.543771,0.424714,-136.8064,0.0,0.0,-0.929797,0.368073,1
1773078051.631819,7,,,,,,,,0
1773078051.722210,8,1.705801,0.223916,-74.1090,0.0,0.0,-0.602575,0.798063,1
1773078051.722210,9,1.512120,0.088057,-85.5921,0.0,0.0,-0.679391,0.733777,1
1773078051.722210,10,1.543725,0.424689,-137.0717,0.0,0.0,-0.930647,0.365919,1
1773078051.722210,7,,,,,,,,0
1773078051.817641,8,1.705711,0.223885,-73.8403,0.0,0.0,-0.600701,0.799474,1
1773078051.817641,9,1.512102,0.088066,-85.3788,0.0,0.0,-0.678023,0.735040,1
1773078051.817641,10,1.543799,0.424649,-137.0815,0.0,0.0,-0.930678,0.365839,1
1773078051.817641,7,,,,,,,,0
1773078051.899879,8,1.705746,0.223815,-73.9263,0.0,0.0,-0.601302,0.799022,1
1773078051.899879,9,1.512184,0.088034,-85.4584,0.0,0.0,-0.678534,0.734569,1
1773078051.899879,10,1.543672,0.424658,-136.9436,0.0,0.0,-0.930237,0.366959,1
1773078051.899879,7,,,,,,,,0
1773078051.998890,8,1.705691,0.223930,-73.6926,0.0,0.0,-0.599670,0.800247,1
1773078051.998890,9,1.512099,0.088021,-85.6128,0.0,0.0,-0.679523,0.733654,1
1773078051.998890,10,1.543772,0.424782,-136.8541,0.0,0.0,-0.929950,0.367686,1
1773078051.998890,7,,,,,,,,0
1773078052.087620,8,1.705659,0.223952,-73.8610,0.0,0.0,-0.600846,0.799365,1
1773078052.087620,9,1.512155,0.088025,-85.4428,0.0,0.0,-0.678434,0.734661,1
1773078052.087620,10,1.543732,0.424674,-137.0738,0.0,0.0,-0.930653,0.365902,1
1773078052.087620,7,,,,,,,,0
1773078052.184940,8,1.705702,0.223940,-73.8979,0.0,0.0,-0.601103,0.799172,1
1773078052.184940,9,1.512175,0.088036,-85.3575,0.0,0.0,-0.677887,0.735166,1
1773078052.184940,10,1.543728,0.424672,-136.9243,0.0,0.0,-0.930175,0.367116,1
1773078052.184940,7,,,,,,,,0
1773078052.281653,8,1.705660,0.223780,-73.6972,0.0,0.0,-0.599703,0.800223,1
1773078052.281653,9,1.512122,0.088108,-85.3768,0.0,0.0,-0.678011,0.735052,1
1773078052.281653,10,1.543681,0.424743,-137.0219,0.0,0.0,-0.930488,0.366324,1
1773078052.281653,7,,,,,,,,0
1773078052.384915,8,1.705649,0.223896,-73.7287,0.0,0.0,-0.599923,0.800058,1
1773078052.384915,9,1.512062,0.088031,-85.3558,0.0,0.0,-0.677876,0.735176,1
1773078052.384915,10,1.543680,0.424713,-136.9437,0.0,0.0,-0.930237,0.366959,1
1773078052.384915,7,,,,,,,,0
1773078052.482889,8,1.705651,0.223858,-73.6603,0.0,0.0,-0.599445,0.800416,1
1773078052.482889,9,1.512095,0.088066,-85.6077,0.0,0.0,-0.679491,0.733684,1
1773078052.482889,10,1.543739,0.424647,-137.0679,0.0,0.0,-0.930634,0.365950,1
1773078052.482889,7,,,,,,,,0
1773078052.581022,8,1.705685,0.223839,-73.8845,0.0,0.0,-0.601010,0.799242,1
1773078052.581022,9,1.512091,0.088072,-85.4875,0.0,0.0,-0.678720,0.734397,1
1773078052.581022,10,1.543668,0.424757,-137.1215,0.0,0.0,-0.930806,0.365515,1
1773078052.581022,7,,,,,,,,0
1773078052.681003,8,1.705684,0.223952,-73.9878,0.0,0.0,-0.601730,0.798700,1
1773078052.681003,9,1.512070,0.087999,-85.6030,0.0,0.0,-0.679460,0.733712,1
1773078052.681003,10,1.543740,0.424632,-137.1575,0.0,0.0,-0.930920,0.365222,1
1773078052.681003,7,,,,,,,,0
1773078052.787895,8,1.705590,0.223838,-73.8622,0.0,0.0,-0.600854,0.799359,1
1773078052.787895,9,1.512147,0.088042,-85.3424,0.0,0.0,-0.677790,0.735255,1
1773078052.787895,10,1.543712,0.424750,-137.0540,0.0,0.0,-0.930590,0.366063,1
1773078052.787895,7,,,,,,,,0
1773078052.886640,8,1.705746,0.223877,-73.8544,0.0,0.0,-0.600800,0.799399,1
1773078052.886640,9,1.512154,0.088037,-85.4119,0.0,0.0,-0.678236,0.734844,1
1773078052.886640,10,1.543751,0.424588,-136.8910,0.0,0.0,-0.930069,0.367386,1
1773078052.886640,7,,,,,,,,0
1773078052.986575,8,1.705682,0.223847,-73.8280,0.0,0.0,-0.600616,0.799538,1
1773078052.986575,9,1.512164,0.088017,-85.5852,0.0,0.0,-0.679346,0.733818,1
1773078052.986575,10,1.543732,0.424657,-136.8406,0.0,0.0,-0.929907,0.367795,1
1773078052.986575,7,,,,,,,,0
1773078053.078267,8,1.705732,0.224060,-73.8467,0.0,0.0,-0.600746,0.799440,1
1773078053.078267,9,1.512115,0.088053,-85.4398,0.0,0.0,-0.678415,0.734679,1
1773078053.078267,10,1.543815,0.424714,-137.0671,0.0,0.0,-0.930632,0.365957,1
1773078053.078267,7,,,,,,,,0
1773078053.169089,8,1.705747,0.223857,-73.6657,0.0,0.0,-0.599483,0.800388,1
1773078053.169089,9,1.512181,0.088031,-85.4421,0.0,0.0,-0.678430,0.734665,1
1773078053.169089,10,1.543714,0.424598,-136.9716,0.0,0.0,-0.930327,0.366732,1
1773078053.169089,7,,,,,,,,0
1773078053.255930,8,1.705592,0.223800,-73.7260,0.0,0.0,-0.599904,0.800072,1
1773078053.255930,9,1.512105,0.088147,-85.4011,0.0,0.0,-0.678167,0.734908,1
1773078053.255930,10,1.543757,0.424682,-137.1200,0.0,0.0,-0.930801,0.365527,1
1773078053.255930,7,,,,,,,,0
1773078053.346313,8,1.705631,0.223829,-73.8005,0.0,0.0,-0.600424,0.799682,1
1773078053.346313,9,1.512115,0.088017,-85.4710,0.0,0.0,-0.678615,0.734494,1
1773078053.346313,10,1.543684,0.424659,-137.0145,0.0,0.0,-0.930464,0.366383,1
1773078053.346313,7,,,,,,,,0
1773078053.445412,8,1.705865,0.224006,-73.7314,0.0,0.0,-0.599941,0.800044,1
1773078053.445412,9,1.512141,0.087988,-85.5458,0.0,0.0,-0.679094,0.734051,1
1773078053.445412,10,1.543712,0.424554,-137.0253,0.0,0.0,-0.930498,0.366296,1
1773078053.445412,7,,,,,,,,0
1773078053.541592,8,1.705750,0.223979,-73.7867,0.0,0.0,-0.600328,0.799754,1
1773078053.541592,9,1.512155,0.088058,-85.5596,0.0,0.0,-0.679183,0.733969,1
1773078053.541592,10,1.543740,0.424601,-137.2806,0.0,0.0,-0.931312,0.364222,1
1773078053.541592,7,,,,,,,,0
1773078053.635713,8,1.705715,0.223921,-73.6977,0.0,0.0,-0.599706,0.800220,1
1773078053.635713,9,1.512151,0.088057,-85.4318,0.0,0.0,-0.678363,0.734727,1
1773078053.635713,10,1.543762,0.424637,-136.9440,0.0,0.0,-0.930238,0.366956,1
1773078053.635713,7,,,,,,,,0
1773078053.729343,8,1.705641,0.223945,-73.7755,0.0,0.0,-0.600249,0.799813,1
1773078053.729343,9,1.512195,0.088043,-85.4731,0.0,0.0,-0.678628,0.734482,1
1773078053.729343,10,1.543738,0.424665,-136.9178,0.0,0.0,-0.930154,0.367169,1
1773078053.729343,7,,,,,,,,0
1773078053.834110,8,1.705752,0.223941,-73.9117,0.0,0.0,-0.601199,0.799099,1
1773078053.834110,9,1.512106,0.087981,-85.3693,0.0,0.0,-0.677963,0.735096,1
1773078053.834110,10,1.543783,0.424671,-137.1624,0.0,0.0,-0.930936,0.365182,1
1773078053.834110,7,,,,,,,,0
1773078053.933791,8,1.705762,0.223962,-73.8089,0.0,0.0,-0.600482,0.799638,1
1773078053.933791,9,1.512111,0.087990,-85.5420,0.0,0.0,-0.679070,0.734073,1
1773078053.933791,10,1.543690,0.424607,-137.0365,0.0,0.0,-0.930534,0.366205,1
1773078053.933791,7,,,,,,,,0
1773078054.044246,8,1.705751,0.223923,-73.7072,0.0,0.0,-0.599773,0.800170,1
1773078054.044246,9,1.512156,0.087961,-85.3705,0.0,0.0,-0.677970,0.735089,1
1773078054.044246,10,1.543772,0.424702,-137.0818,0.0,0.0,-0.930679,0.365837,1
1773078054.044246,7,,,,,,,,0
1773078054.158646,8,1.705708,0.223848,-73.8721,0.0,0.0,-0.600924,0.799306,1
1773078054.158646,9,1.512166,0.088067,-85.4073,0.0,0.0,-0.678207,0.734871,1
1773078054.158646,10,1.543739,0.424729,-137.1367,0.0,0.0,-0.930854,0.365391,1
1773078054.158646,7,,,,,,,,0
1773078054.260450,8,1.705713,0.223908,-73.7462,0.0,0.0,-0.600045,0.799967,1
1773078054.260450,9,1.512111,0.088038,-85.4853,0.0,0.0,-0.678707,0.734410,1
1773078054.260450,10,1.543717,0.424583,-137.1064,0.0,0.0,-0.930757,0.365638,1
1773078054.260450,7,,,,,,,,0
1773078054.351786,8,1.705627,0.223922,-73.9226,0.0,0.0,-0.601275,0.799042,1
1773078054.351786,9,1.512116,0.088014,-85.3931,0.0,0.0,-0.678115,0.734956,1
1773078054.351786,10,1.543752,0.424556,-137.0325,0.0,0.0,-0.930521,0.366238,1
1773078054.351786,7,,,,,,,,0
1773078054.453796,8,1.705712,0.223863,-73.9328,0.0,0.0,-0.601346,0.798988,1
1773078054.453796,9,1.512090,0.088001,-85.4627,0.0,0.0,-0.678562,0.734544,1
1773078054.453796,10,1.543732,0.424695,-137.0873,0.0,0.0,-0.930697,0.365792,1
1773078054.453796,7,,,,,,,,0
1773078054.555836,8,1.705646,0.223856,-73.5698,0.0,0.0,-0.598813,0.800889,1
1773078054.555836,9,1.512136,0.088050,-85.4965,0.0,0.0,-0.678779,0.734343,1
1773078054.555836,10,1.543723,0.424664,-137.1045,0.0,0.0,-0.930752,0.365652,1
1773078054.555836,7,,,,,,,,0
1773078054.658627,8,1.705741,0.223907,-73.9449,0.0,0.0,-0.601431,0.798925,1
1773078054.658627,9,1.512181,0.088009,-85.5210,0.0,0.0,-0.678935,0.734198,1
1773078054.658627,10,1.543754,0.424674,-137.1166,0.0,0.0,-0.930790,0.365554,1
1773078054.658627,7,,,,,,,,0
1773078054.755155,8,1.705710,0.223858,-73.7880,0.0,0.0,-0.600337,0.799747,1
1773078054.755155,9,1.512131,0.088060,-85.4567,0.0,0.0,-0.678523,0.734579,1
1773078054.755155,10,1.543712,0.424662,-137.0824,0.0,0.0,-0.930681,0.365832,1
1773078054.755155,7,,,,,,,,0
1773078054.854473,8,1.705655,0.223912,-73.9164,0.0,0.0,-0.601232,0.799074,1
1773078054.854473,9,1.512078,0.088058,-85.4262,0.0,0.0,-0.678328,0.734760,1
1773078054.854473,10,1.543746,0.424668,-137.0769,0.0,0.0,-0.930663,0.365877,1
1773078054.854473,7,,,,,,,,0
1773078054.951495,8,1.705641,0.223855,-73.8012,0.0,0.0,-0.600429,0.799678,1
1773078054.951495,9,1.512136,0.087994,-85.5100,0.0,0.0,-0.678865,0.734263,1
1773078054.951495,10,1.543676,0.424661,-137.0976,0.0,0.0,-0.930729,0.365709,1
1773078054.951495,7,,,,,,,,0
1773078055.037587,8,1.705764,0.223796,-73.8725,0.0,0.0,-0.600926,0.799305,1
1773078055.037587,9,1.512153,0.088032,-85.4175,0.0,0.0,-0.678272,0.734811,1
1773078055.037587,10,1.543710,0.424586,-137.1961,0.0,0.0,-0.931043,0.364908,1
1773078055.037587,7,,,,,,,,0
1773078055.127702,8,1.705682,0.223863,-73.9478,0.0,0.0,-0.601451,0.798909,1
1773078055.127702,9,1.512175,0.088050,-85.5660,0.0,0.0,-0.679224,0.733931,1
1773078055.127702,10,1.543758,0.424687,-137.0459,0.0,0.0,-0.930564,0.366129,1
1773078055.127702,7,,,,,,,,0
1773078055.230019,8,1.705704,0.223939,-74.0944,0.0,0.0,-0.602473,0.798139,1
1773078055.230019,9,1.512104,0.087998,-85.4836,0.0,0.0,-0.678696,0.734419,1
1773078055.230019,10,1.543699,0.424577,-137.1117,0.0,0.0,-0.930774,0.365594,1
1773078055.230019,7,,,,,,,,0
1773078055.325151,8,1.705729,0.223850,-73.6656,0.0,0.0,-0.599482,0.800388,1
1773078055.325151,9,1.512143,0.088045,-85.4643,0.0,0.0,-0.678572,0.734534,1
1773078055.325151,10,1.543694,0.424572,-137.1508,0.0,0.0,-0.930899,0.365276,1
1773078055.325151,7,,,,,,,,0
1773078055.421781,8,1.705704,0.223962,-73.8971,0.0,0.0,-0.601098,0.799175,1
1773078055.421781,9,1.512126,0.088088,-85.5618,0.0,0.0,-0.679197,0.733956,1
1773078055.421781,10,1.543759,0.424602,-137.1964,0.0,0.0,-0.931044,0.364906,1
1773078055.421781,7,,,,,,,,0
1773078055.522416,8,1.705763,0.223946,-73.9021,0.0,0.0,-0.601133,0.799149,1
1773078055.522416,9,1.512148,0.088007,-85.4823,0.0,0.0,-0.678688,0.734427,1
1773078055.522416,10,1.543754,0.424609,-136.9465,0.0,0.0,-0.930246,0.366936,1
1773078055.522416,7,,,,,,,,0
1773078055.616644,8,1.705681,0.224049,-73.5729,0.0,0.0,-0.598834,0.800873,1
1773078055.616644,9,1.512097,0.088127,-85.4586,0.0,0.0,-0.678535,0.734568,1
1773078055.616644,10,1.543719,0.424633,-137.0627,0.0,0.0,-0.930618,0.365992,1
1773078055.616644,7,,,,,,,,0
1773078055.715699,8,1.705732,0.223895,-73.7799,0.0,0.0,-0.600280,0.799790,1
1773078055.715699,9,1.512114,0.088067,-85.3861,0.0,0.0,-0.678071,0.734997,1
1773078055.715699,10,1.543751,0.424685,-136.9455,0.0,0.0,-0.930243,0.366943,1
1773078055.715699,7,,,,,,,,0
1773078055.808760,8,1.705717,0.223977,-73.8188,0.0,0.0,-0.600551,0.799586,1
1773078055.808760,9,1.512135,0.087972,-85.4675,0.0,0.0,-0.678593,0.734515,1
1773078055.808760,10,1.543736,0.424675,-137.1314,0.0,0.0,-0.930837,0.365434,1
1773078055.808760,7,,,,,,,,0
1773078055.901289,8,1.705688,0.223929,-73.7672,0.0,0.0,-0.600191,0.799856,1
1773078055.901289,9,1.512136,0.088022,-85.5117,0.0,0.0,-0.678876,0.734253,1
1773078055.901289,10,1.543707,0.424601,-136.8761,0.0,0.0,-0.930021,0.367507,1
1773078055.901289,7,,,,,,,,0
1773078055.994330,8,1.705641,0.223954,-73.6610,0.0,0.0,-0.599450,0.800412,1
1773078055.994330,9,1.512142,0.088038,-85.5305,0.0,0.0,-0.678996,0.734142,1
1773078055.994330,10,1.543697,0.424612,-137.1538,0.0,0.0,-0.930909,0.365252,1
1773078055.994330,7,,,,,,,,0
1773078056.081701,8,1.705712,0.223825,-73.6741,0.0,0.0,-0.599541,0.800344,1
1773078056.081701,9,1.512177,0.088019,-85.4395,0.0,0.0,-0.678413,0.734681,1
1773078056.081701,10,1.543775,0.424551,-137.1108,0.0,0.0,-0.930772,0.365601,1
1773078056.081701,7,,,,,,,,0
1773078056.167517,8,1.705667,0.223836,-73.8456,0.0,0.0,-0.600739,0.799445,1
1773078056.167517,9,1.512177,0.087945,-85.4975,0.0,0.0,-0.678785,0.734337,1
1773078056.167517,10,1.543759,0.424621,-137.1616,0.0,0.0,-0.930934,0.365189,1
1773078056.167517,7,,,,,,,,0
1773078056.262613,8,1.705701,0.223802,-73.5935,0.0,0.0,-0.598978,0.800766,1
1773078056.262613,9,1.512122,0.088000,-85.2978,0.0,0.0,-0.677504,0.735519,1
1773078056.262613,10,1.543796,0.424662,-137.1842,0.0,0.0,-0.931006,0.365005,1
1773078056.262613,7,,,,,,,,0
1773078056.371003,8,1.705718,0.223907,-73.8595,0.0,0.0,-0.600835,0.799373,1
1773078056.371003,9,1.512133,0.088044,-85.5699,0.0,0.0,-0.679248,0.733908,1
1773078056.371003,10,1.543757,0.424663,-137.1786,0.0,0.0,-0.930988,0.365051,1
1773078056.371003,7,,,,,,,,0
1773078056.493796,8,1.705693,0.223902,-73.9270,0.0,0.0,-0.601306,0.799019,1
1773078056.493796,9,1.512130,0.088063,-85.4255,0.0,0.0,-0.678323,0.734764,1
1773078056.493796,10,1.543776,0.424756,-136.9561,0.0,0.0,-0.930277,0.366858,1
1773078056.493796,7,,,,,,,,0
1773078056.645276,8,1.705750,0.223861,-73.8374,0.0,0.0,-0.600681,0.799488,1
1773078056.645276,9,1.512153,0.088011,-85.4255,0.0,0.0,-0.678323,0.734764,1
1773078056.645276,10,1.543719,0.424705,-137.0497,0.0,0.0,-0.930576,0.366098,1
1773078056.645276,7,,,,,,,,0
1773078056.771456,8,1.705702,0.223866,-73.5290,0.0,0.0,-0.598527,0.801102,1
1773078056.771456,9,1.512118,0.088048,-85.3937,0.0,0.0,-0.678119,0.734952,1
1773078056.771456,10,1.543738,0.424636,-136.9310,0.0,0.0,-0.930197,0.367062,1
1773078056.771456,7,,,,,,,,0
1773078056.885262,8,1.705697,0.223841,-73.7961,0.0,0.0,-0.600393,0.799705,1
1773078056.885262,9,1.512131,0.088076,-85.4119,0.0,0.0,-0.678236,0.734844,1
1773078056.885262,10,1.543755,0.424723,-137.2053,0.0,0.0,-0.931073,0.364833,1
1773078056.885262,7,,,,,,,,0
1773078057.047708,8,1.705679,0.223882,-73.7466,0.0,0.0,-0.600047,0.799965,1
1773078057.047708,9,1.512126,0.088060,-85.4098,0.0,0.0,-0.678223,0.734857,1
1773078057.047708,10,1.543757,0.424591,-136.9023,0.0,0.0,-0.930105,0.367294,1
1773078057.047708,7,,,,,,,,0
1773078057.135018,8,1.705714,0.223796,-74.0425,0.0,0.0,-0.602111,0.798412,1
1773078057.135018,9,1.512133,0.088070,-85.5343,0.0,0.0,-0.679021,0.734119,1
1773078057.135018,10,1.543768,0.424660,-137.2356,0.0,0.0,-0.931169,0.364588,1
1773078057.135018,7,,,,,,,,0
1773078057.227230,8,1.705674,0.223787,-73.7498,0.0,0.0,-0.600070,0.799947,1
1773078057.227230,9,1.512146,0.087982,-85.4940,0.0,0.0,-0.678762,0.734358,1
1773078057.227230,10,1.543792,0.424640,-137.1699,0.0,0.0,-0.930960,0.365121,1
1773078057.227230,7,,,,,,,,0
1773078057.316635,8,1.705661,0.223860,-73.8275,0.0,0.0,-0.600612,0.799541,1
1773078057.316635,9,1.512133,0.088007,-85.6210,0.0,0.0,-0.679576,0.733605,1
1773078057.316635,10,1.543712,0.424697,-137.0156,0.0,0.0,-0.930467,0.366375,1
1773078057.316635,7,,,,,,,,0
1773078057.415390,8,1.705699,0.223838,-73.8039,0.0,0.0,-0.600448,0.799664,1
1773078057.415390,9,1.512136,0.088008,-85.5280,0.0,0.0,-0.678980,0.734157,1
1773078057.415390,10,1.543716,0.424693,-136.8353,0.0,0.0,-0.929890,0.367838,1
1773078057.415390,7,,,,,,,,0
1773078057.520065,8,1.705716,0.223937,-73.8110,0.0,0.0,-0.600497,0.799627,1
1773078057.520065,9,1.512105,0.088031,-85.5128,0.0,0.0,-0.678882,0.734247,1
1773078057.520065,10,1.543772,0.424654,-137.0674,0.0,0.0,-0.930633,0.365954,1
1773078057.520065,7,,,,,,,,0
1773078057.633853,8,1.705688,0.223894,-73.7407,0.0,0.0,-0.600007,0.799995,1
1773078057.633853,9,1.512129,0.087984,-85.5038,0.0,0.0,-0.678825,0.734300,1
1773078057.633853,10,1.543759,0.424707,-136.8240,0.0,0.0,-0.929854,0.367930,1
1773078057.633853,7,,,,,,,,0
1773078057.723143,8,1.705766,0.223933,-73.7355,0.0,0.0,-0.599970,0.800023,1
1773078057.723143,9,1.512092,0.087990,-85.4437,0.0,0.0,-0.678440,0.734656,1
1773078057.723143,10,1.543726,0.424508,-137.2556,0.0,0.0,-0.931233,0.364425,1
1773078057.723143,7,,,,,,,,0
1773078057.821281,8,1.705711,0.223849,-73.9411,0.0,0.0,-0.601404,0.798945,1
1773078057.821281,9,1.512080,0.087960,-85.5522,0.0,0.0,-0.679135,0.734014,1
1773078057.821281,10,1.543795,0.424769,-137.0739,0.0,0.0,-0.930654,0.365901,1
1773078057.821281,7,,,,,,,,0
1773078057.915194,8,1.705832,0.223872,-73.8515,0.0,0.0,-0.600780,0.799415,1
1773078057.915194,9,1.512122,0.088021,-85.4912,0.0,0.0,-0.678744,0.734375,1
1773078057.915194,10,1.543685,0.424577,-137.0915,0.0,0.0,-0.930710,0.365758,1
1773078057.915194,7,,,,,,,,0
1773078058.012008,8,1.705670,0.223871,-73.9002,0.0,0.0,-0.601120,0.799159,1
1773078058.012008,9,1.512169,0.088084,-85.3518,0.0,0.0,-0.677850,0.735200,1
1773078058.012008,10,1.543772,0.424746,-136.9282,0.0,0.0,-0.930188,0.367084,1
1773078058.012008,7,,,,,,,,0
1773078058.103653,8,1.705650,0.223815,-73.5048,0.0,0.0,-0.598358,0.801229,1
1773078058.103653,9,1.512132,0.087963,-85.3699,0.0,0.0,-0.677967,0.735093,1
1773078058.103653,10,1.543663,0.424687,-136.9837,0.0,0.0,-0.930365,0.366634,1
1773078058.103653,7,,,,,,,,0
1773078058.192034,8,1.705763,0.223917,-74.0032,0.0,0.0,-0.601837,0.798619,1
1773078058.192034,9,1.512108,0.088078,-85.4948,0.0,0.0,-0.678767,0.734354,1
1773078058.192034,10,1.543753,0.424631,-137.0915,0.0,0.0,-0.930710,0.365758,1
1773078058.192034,7,,,,,,,,0
1773078058.284641,8,1.705619,0.223898,-73.8501,0.0,0.0,-0.600769,0.799422,1
1773078058.284641,9,1.512140,0.088023,-85.6497,0.0,0.0,-0.679759,0.733435,1
1773078058.284641,10,1.543707,0.424637,-136.9569,0.0,0.0,-0.930280,0.366851,1
1773078058.284641,7,,,,,,,,0
1773078058.380889,8,1.705676,0.223838,-73.5775,0.0,0.0,-0.598867,0.800849,1
1773078058.380889,9,1.512119,0.088045,-85.5091,0.0,0.0,-0.678859,0.734269,1
1773078058.380889,10,1.543715,0.424552,-137.0203,0.0,0.0,-0.930483,0.366336,1
1773078058.380889,7,,,,,,,,0
1773078058.598544,8,1.705721,0.223876,-73.7390,0.0,0.0,-0.599995,0.800004,1
1773078058.598544,9,1.512074,0.088015,-85.5436,0.0,0.0,-0.679080,0.734064,1
1773078058.598544,10,1.543770,0.424630,-137.2971,0.0,0.0,-0.931365,0.364088,1
1773078058.598544,7,,,,,,,,0
1773078058.721103,8,1.705600,0.223969,-73.6656,0.0,0.0,-0.599482,0.800388,1
1773078058.721103,9,1.512078,0.088009,-85.4917,0.0,0.0,-0.678748,0.734371,1
1773078058.721103,10,1.543649,0.424574,-136.8625,0.0,0.0,-0.929977,0.367617,1
1773078058.721103,7,,,,,,,,0
1773078058.847963,8,1.705654,0.223830,-73.7183,0.0,0.0,-0.599850,0.800113,1
1773078058.847963,9,1.512148,0.088025,-85.6647,0.0,0.0,-0.679856,0.733346,1
1773078058.847963,10,1.543690,0.424674,-136.9617,0.0,0.0,-0.930295,0.366812,1
1773078058.847963,7,,,,,,,,0
1773078058.970634,8,1.705640,0.223824,-73.7159,0.0,0.0,-0.599833,0.800125,1
1773078058.970634,9,1.512058,0.087956,-85.4877,0.0,0.0,-0.678722,0.734395,1
1773078058.970634,10,1.543822,0.424763,-137.0276,0.0,0.0,-0.930506,0.366277,1
1773078058.970634,7,,,,,,,,0
1773078059.070962,8,1.705676,0.223959,-73.7944,0.0,0.0,-0.600381,0.799714,1
1773078059.070962,9,1.512186,0.087989,-85.5672,0.0,0.0,-0.679232,0.733924,1
1773078059.070962,10,1.543725,0.424601,-136.9987,0.0,0.0,-0.930414,0.366511,1
1773078059.070962,7,,,,,,,,0
1773078059.175795,8,1.705708,0.223812,-73.7794,0.0,0.0,-0.600276,0.799793,1
1773078059.175795,9,1.512150,0.088061,-85.3267,0.0,0.0,-0.677689,0.735349,1
1773078059.175795,10,1.543731,0.424688,-137.1345,0.0,0.0,-0.930847,0.365409,1
1773078059.175795,7,,,,,,,,0
1773078059.278858,8,1.705652,0.223895,-73.9809,0.0,0.0,-0.601682,0.798736,1
1773078059.278858,9,1.512151,0.088046,-85.4073,0.0,0.0,-0.678207,0.734871,1
1773078059.278858,10,1.543753,0.424669,-137.1193,0.0,0.0,-0.930798,0.365533,1
1773078059.278858,7,,,,,,,,0
1773078059.385699,8,1.705651,0.223842,-73.5683,0.0,0.0,-0.598802,0.800897,1
1773078059.385699,9,1.512137,0.088003,-85.4569,0.0,0.0,-0.678524,0.734578,1
1773078059.385699,10,1.543730,0.424635,-136.9288,0.0,0.0,-0.930190,0.367079,1
1773078059.385699,7,,,,,,,,0
1773078059.501794,8,1.705743,0.223971,-73.9241,0.0,0.0,-0.601286,0.799034,1
1773078059.501794,9,1.512149,0.087999,-85.5489,0.0,0.0,-0.679114,0.734033,1
1773078059.501794,10,1.543763,0.424622,-137.0435,0.0,0.0,-0.930557,0.366148,1
1773078059.501794,7,,,,,,,,0
1773078059.603541,8,1.705755,0.223841,-74.0392,0.0,0.0,-0.602088,0.798430,1
1773078059.603541,9,1.512183,0.087936,-85.3584,0.0,0.0,-0.677893,0.735161,1
1773078059.603541,10,1.543748,0.424639,-137.2078,0.0,0.0,-0.931081,0.364814,1
1773078059.603541,7,,,,,,,,0
1773078059.696737,8,1.705704,0.223907,-73.8532,0.0,0.0,-0.600792,0.799406,1
1773078059.696737,9,1.512065,0.088017,-85.4416,0.0,0.0,-0.678427,0.734668,1
1773078059.696737,10,1.543764,0.424719,-137.0497,0.0,0.0,-0.930576,0.366098,1
1773078059.696737,7,,,,,,,,0
1773078059.785254,8,1.705677,0.223806,-73.8446,0.0,0.0,-0.600731,0.799451,1
1773078059.785254,9,1.512133,0.088035,-85.4994,0.0,0.0,-0.678797,0.734326,1
1773078059.785254,10,1.543737,0.424628,-137.2060,0.0,0.0,-0.931075,0.364828,1
1773078059.785254,7,,,,,,,,0
1773078059.880987,8,1.705765,0.223972,-73.8773,0.0,0.0,-0.600960,0.799279,1
1773078059.880987,9,1.512133,0.088044,-85.5054,0.0,0.0,-0.678836,0.734290,1
1773078059.880987,10,1.543812,0.424735,-137.1459,0.0,0.0,-0.930884,0.365316,1
1773078059.880987,7,,,,,,,,0
1773078060.003905,8,1.705692,0.223917,-73.8418,0.0,0.0,-0.600712,0.799466,1
1773078060.003905,9,1.512177,0.088018,-85.4919,0.0,0.0,-0.678749,0.734371,1
1773078060.003905,10,1.543724,0.424596,-137.0209,0.0,0.0,-0.930484,0.366331,1
1773078060.003905,7,,,,,,,,0
1773078060.121114,8,1.705742,0.223815,-73.9114,0.0,0.0,-0.601198,0.799100,1
1773078060.121114,9,1.512178,0.088055,-85.4269,0.0,0.0,-0.678332,0.734755,1
1773078060.121114,10,1.543710,0.424712,-137.0246,0.0,0.0,-0.930496,0.366302,1
1773078060.121114,7,,,,,,,,0
1773078060.239400,8,1.705636,0.224027,-73.7056,0.0,0.0,-0.599761,0.800179,1
1773078060.239400,9,1.512209,0.088040,-85.4809,0.0,0.0,-0.678678,0.734436,1
1773078060.239400,10,1.543716,0.424755,-137.0439,0.0,0.0,-0.930558,0.366145,1
1773078060.239400,7,,,,,,,,0
1773078060.342104,8,1.705793,0.224025,-73.8369,0.0,0.0,-0.600678,0.799491,1
1773078060.342104,9,1.512251,0.088175,-85.3239,0.0,0.0,-0.677672,0.735365,1
1773078060.342104,10,1.543808,0.424774,-137.1378,0.0,0.0,-0.930857,0.365382,1
1773078060.342104,7,,,,,,,,0
1773078060.417850,8,1.705193,0.223818,-73.7465,0.0,0.0,-0.600047,0.799965,1
1773078060.417850,9,1.511549,0.088127,-85.2198,0.0,0.0,-0.677003,0.735980,1
1773078060.417850,10,1.543457,0.424553,-137.4300,0.0,0.0,-0.931786,0.363008,1
1773078060.417850,7,,,,,,,,0
1773078060.507159,8,1.705688,0.224194,-73.6322,0.0,0.0,-0.599248,0.800563,1
1773078060.507159,9,1.512056,0.088466,-85.5394,0.0,0.0,-0.679053,0.734089,1
1773078060.507159,10,1.543545,0.425007,-137.2809,0.0,0.0,-0.931313,0.364219,1
1773078060.507159,7,,,,,,,,0
1773078060.611934,8,1.705841,0.224232,-73.9245,0.0,0.0,-0.601289,0.799032,1
1773078060.611934,9,1.512273,0.088280,-85.3019,0.0,0.0,-0.677531,0.735495,1
1773078060.611934,10,1.543824,0.424882,-137.1208,0.0,0.0,-0.930803,0.365520,1
1773078060.611934,7,,,,,,,,0
1773078060.708755,8,1.705909,0.224150,-74.1271,0.0,0.0,-0.602701,0.797967,1
1773078060.708755,9,1.512213,0.088282,-85.5216,0.0,0.0,-0.678939,0.734195,1
1773078060.708755,10,1.543934,0.425053,-136.9167,0.0,0.0,-0.930151,0.367177,1
1773078060.708755,7,,,,,,,,0
1773078060.812588,8,1.705758,0.224274,-74.0141,0.0,0.0,-0.601913,0.798562,1
1773078060.812588,9,1.512339,0.088436,-85.4389,0.0,0.0,-0.678409,0.734684,1
1773078060.812588,10,1.543742,0.424960,-137.0238,0.0,0.0,-0.930494,0.366308,1
1773078060.812588,7,,,,,,,,0
1773078060.932278,8,1.705744,0.224207,-73.6481,0.0,0.0,-0.599360,0.800480,1
1773078060.932278,9,1.512271,0.088301,-85.2784,0.0,0.0,-0.677380,0.735634,1
1773078060.932278,10,1.543885,0.424942,-137.2982,0.0,0.0,-0.931368,0.364079,1
1773078060.932278,7,,,,,,,,0
1773078061.045041,8,1.705820,0.224021,-73.7207,0.0,0.0,-0.599866,0.800100,1
1773078061.045041,9,1.512317,0.088298,-85.3280,0.0,0.0,-0.677698,0.735341,1
1773078061.045041,10,1.543782,0.424958,-137.0620,0.0,0.0,-0.930616,0.365998,1
1773078061.045041,7,,,,,,,,0
1773078061.147876,8,1.705955,0.224008,-73.9474,0.0,0.0,-0.601448,0.798912,1
1773078061.147876,9,1.512285,0.088187,-85.3945,0.0,0.0,-0.678125,0.734947,1
1773078061.147876,10,1.543840,0.424900,-137.1112,0.0,0.0,-0.930773,0.365598,1
1773078061.147876,7,,,,,,,,0
1773078061.240454,8,1.705822,0.224204,-73.8314,0.0,0.0,-0.600640,0.799520,1
1773078061.240454,9,1.512245,0.088314,-85.5435,0.0,0.0,-0.679080,0.734065,1
1773078061.240454,10,1.543785,0.424978,-137.0268,0.0,0.0,-0.930503,0.366284,1
1773078061.240454,7,,,,,,,,0
1773078061.327999,8,1.705842,0.224196,-73.7093,0.0,0.0,-0.599787,0.800160,1
1773078061.327999,9,1.512318,0.088275,-85.3786,0.0,0.0,-0.678022,0.735041,1
1773078061.327999,10,1.543897,0.425044,-136.9373,0.0,0.0,-0.930217,0.367010,1
1773078061.327999,7,,,,,,,,0
1773078061.446208,8,1.705971,0.224238,-73.7861,0.0,0.0,-0.600323,0.799758,1
1773078061.446208,9,1.512342,0.088239,-85.3808,0.0,0.0,-0.678037,0.735028,1
1773078061.446208,10,1.543812,0.424977,-136.9641,0.0,0.0,-0.930303,0.366793,1
1773078061.446208,7,,,,,,,,0
1773078061.592783,8,1.656274,0.250031,-50.9349,0.0,0.0,-0.429998,0.902830,1
1773078061.592783,9,1.512220,0.088293,-85.2986,0.0,0.0,-0.677509,0.735515,1
1773078061.592783,10,1.543845,0.425046,-136.9067,0.0,0.0,-0.930119,0.367259,1
1773078061.592783,7,,,,,,,,0
1773078061.709879,8,1.652090,0.254520,-44.5433,0.0,0.0,-0.378998,0.925397,1
1773078061.709879,9,1.512241,0.088329,-85.3478,0.0,0.0,-0.677825,0.735223,1
1773078061.709879,10,1.543887,0.424970,-136.8966,0.0,0.0,-0.930086,0.367341,1
1773078061.709879,7,,,,,,,,0
1773078061.823212,8,1.652183,0.254425,-44.5103,0.0,0.0,-0.378732,0.925506,1
1773078061.823212,9,1.512217,0.088262,-85.4254,0.0,0.0,-0.678322,0.734764,1
1773078061.823212,10,1.543772,0.424967,-137.2482,0.0,0.0,-0.931209,0.364485,1
1773078061.823212,7,,,,,,,,0
1773078061.924836,8,1.652161,0.254426,-44.5642,0.0,0.0,-0.379167,0.925328,1
1773078061.924836,9,1.512254,0.088270,-85.2313,0.0,0.0,-0.677077,0.735912,1
1773078061.924836,10,1.543875,0.424916,-137.1337,0.0,0.0,-0.930845,0.365415,1
1773078061.924836,7,,,,,,,,0
1773078062.025131,8,1.652165,0.254453,-44.3143,0.0,0.0,-0.377148,0.926153,1
1773078062.025131,9,1.512215,0.088321,-85.3888,0.0,0.0,-0.678088,0.734981,1
1773078062.025131,10,1.543922,0.424989,-137.0941,0.0,0.0,-0.930718,0.365737,1
1773078062.025131,7,,,,,,,,0
1773078062.119063,8,1.652128,0.254424,-44.3983,0.0,0.0,-0.377827,0.925876,1
1773078062.119063,9,1.512337,0.088282,-85.3801,0.0,0.0,-0.678032,0.735032,1
1773078062.119063,10,1.543759,0.425021,-137.0281,0.0,0.0,-0.930507,0.366273,1
1773078062.119063,7,,,,,,,,0
1773078062.214123,8,1.652185,0.254415,-44.3811,0.0,0.0,-0.377688,0.925933,1
1773078062.214123,9,1.512194,0.088345,-85.5063,0.0,0.0,-0.678841,0.734285,1
1773078062.214123,10,1.543830,0.425019,-137.1639,0.0,0.0,-0.930941,0.365170,1
1773078062.214123,7,,,,,,,,0
1773078062.314210,8,1.652173,0.254472,-44.4085,0.0,0.0,-0.377909,0.925843,1
1773078062.314210,9,1.512271,0.088266,-85.3958,0.0,0.0,-0.678133,0.734939,1
1773078062.314210,10,1.543878,0.425041,-136.7811,0.0,0.0,-0.929716,0.368278,1
1773078062.314210,7,,,,,,,,0
1773078062.422225,8,1.652160,0.254417,-44.6695,0.0,0.0,-0.380017,0.924980,1
1773078062.422225,9,1.512357,0.088331,-85.3019,0.0,0.0,-0.677530,0.735495,1
1773078062.422225,10,1.543890,0.424934,-137.1264,0.0,0.0,-0.930821,0.365475,1
1773078062.422225,7,,,,,,,,0
1773078062.512715,8,1.652210,0.254400,-44.5170,0.0,0.0,-0.378786,0.925484,1
1773078062.512715,9,1.512280,0.088282,-85.5631,0.0,0.0,-0.679205,0.733949,1
1773078062.512715,10,1.543886,0.424906,-137.2594,0.0,0.0,-0.931245,0.364394,1
1773078062.512715,7,,,,,,,,0
1773078062.608197,8,1.652143,0.254295,-44.5817,0.0,0.0,-0.379308,0.925270,1
1773078062.608197,9,1.512320,0.088304,-85.4075,0.0,0.0,-0.678208,0.734870,1
1773078062.608197,10,1.543874,0.424997,-136.9956,0.0,0.0,-0.930403,0.366537,1
1773078062.608197,7,,,,,,,,0
1773078062.778152,8,1.652158,0.254391,-44.3733,0.0,0.0,-0.377625,0.925958,1
1773078062.778152,9,1.512244,0.088293,-85.4060,0.0,0.0,-0.678198,0.734879,1
1773078062.778152,10,1.543857,0.424947,-137.0857,0.0,0.0,-0.930691,0.365805,1
1773078062.778152,7,,,,,,,,0
1773078062.897470,8,1.652174,0.254428,-44.5879,0.0,0.0,-0.379358,0.925250,1
1773078062.897470,9,1.512273,0.088353,-85.3434,0.0,0.0,-0.677796,0.735250,1
1773078062.897470,10,1.543904,0.425029,-137.0334,0.0,0.0,-0.930524,0.366230,1
1773078062.897470,7,,,,,,,,0
1773078062.988580,8,1.652189,0.254456,-44.3963,0.0,0.0,-0.377811,0.925883,1
1773078062.988580,9,1.512242,0.088253,-85.3500,0.0,0.0,-0.677839,0.735211,1
1773078062.988580,10,1.543859,0.424966,-136.9066,0.0,0.0,-0.930118,0.367260,1
1773078062.988580,7,,,,,,,,0
1773078063.099021,8,1.652167,0.254347,-44.6094,0.0,0.0,-0.379532,0.925179,1
1773078063.099021,9,1.512188,0.088333,-85.3930,0.0,0.0,-0.678115,0.734956,1
1773078063.099021,10,1.543899,0.424952,-136.8977,0.0,0.0,-0.930090,0.367331,1
1773078063.099021,7,,,,,,,,0
1773078063.201999,8,1.652148,0.254516,-44.4294,0.0,0.0,-0.378078,0.925774,1
1773078063.201999,9,1.512271,0.088305,-85.3119,0.0,0.0,-0.677594,0.735436,1
1773078063.201999,10,1.543832,0.425004,-137.0789,0.0,0.0,-0.930670,0.365861,1
1773078063.201999,7,,,,,,,,0
1773078063.295786,8,1.652180,0.254392,-44.4597,0.0,0.0,-0.378323,0.925674,1
1773078063.295786,9,1.512322,0.088329,-85.3032,0.0,0.0,-0.677539,0.735487,1
1773078063.295786,10,1.543839,0.424965,-136.5656,0.0,0.0,-0.929021,0.370026,1
1773078063.295786,7,,,,,,,,0
1773078063.400540,8,1.652175,0.254433,-44.5686,0.0,0.0,-0.379203,0.925314,1
1773078063.400540,9,1.512358,0.088286,-85.3382,0.0,0.0,-0.677763,0.735280,1
1773078063.400540,10,1.543856,0.424961,-136.7995,0.0,0.0,-0.929775,0.368129,1
1773078063.400540,7,,,,,,,,0
1773078063.494058,8,1.652133,0.254399,-44.2566,0.0,0.0,-0.376682,0.926343,1
1773078063.494058,9,1.512307,0.088215,-85.4565,0.0,0.0,-0.678522,0.734580,1
1773078063.494058,10,1.543827,0.425008,-137.1548,0.0,0.0,-0.930912,0.365244,1
1773078063.494058,7,,,,,,,,0
1773078063.589689,8,1.652085,0.254393,-44.6554,0.0,0.0,-0.379903,0.925026,1
1773078063.589689,9,1.512272,0.088289,-85.3789,0.0,0.0,-0.678025,0.735039,1
1773078063.589689,10,1.543800,0.424996,-137.0215,0.0,0.0,-0.930486,0.366327,1
1773078063.589689,7,,,,,,,,0
1773078063.676025,8,1.652144,0.254416,-44.6272,0.0,0.0,-0.379676,0.925120,1
1773078063.676025,9,1.512256,0.088355,-85.3263,0.0,0.0,-0.677687,0.735351,1
1773078063.676025,10,1.543874,0.424928,-137.0895,0.0,0.0,-0.930703,0.365775,1
1773078063.676025,7,,,,,,,,0
1773078063.765648,8,1.652172,0.254410,-44.4301,0.0,0.0,-0.378084,0.925771,1
1773078063.765648,9,1.512280,0.088315,-85.3934,0.0,0.0,-0.678117,0.734954,1
1773078063.765648,10,1.543823,0.424943,-137.1171,0.0,0.0,-0.930792,0.365550,1
1773078063.765648,7,,,,,,,,0
1773078063.880947,8,1.652158,0.254474,-44.3507,0.0,0.0,-0.377443,0.926033,1
1773078063.880947,9,1.512311,0.088298,-85.5143,0.0,0.0,-0.678892,0.734238,1
1773078063.880947,10,1.543848,0.424950,-137.2494,0.0,0.0,-0.931213,0.364475,1
1773078063.880947,7,,,,,,,,0
1773078063.965651,8,1.652120,0.254374,-44.5729,0.0,0.0,-0.379237,0.925299,1
1773078063.965651,9,1.512253,0.088257,-85.4791,0.0,0.0,-0.678667,0.734446,1
1773078063.965651,10,1.543862,0.424980,-137.0307,0.0,0.0,-0.930516,0.366252,1
1773078063.965651,7,,,,,,,,0
1773078064.064141,8,1.652207,0.254422,-44.3267,0.0,0.0,-0.377249,0.926112,1
1773078064.064141,9,1.512300,0.088308,-85.2599,0.0,0.0,-0.677260,0.735743,1
1773078064.064141,10,1.543836,0.424910,-136.9845,0.0,0.0,-0.930368,0.366627,1
1773078064.064141,7,,,,,,,,0
1773078064.157656,8,1.652129,0.254412,-44.6697,0.0,0.0,-0.380019,0.924979,1
1773078064.157656,9,1.512280,0.088328,-85.4216,0.0,0.0,-0.678298,0.734787,1
1773078064.157656,10,1.543914,0.425083,-136.9513,0.0,0.0,-0.930262,0.366897,1
1773078064.157656,7,,,,,,,,0
1773078064.253526,8,1.652235,0.254510,-44.7693,0.0,0.0,-0.380823,0.924648,1
1773078064.253526,9,1.512228,0.088278,-85.2976,0.0,0.0,-0.677503,0.735520,1
1773078064.253526,10,1.543877,0.424884,-137.0678,0.0,0.0,-0.930634,0.365951,1
1773078064.253526,7,,,,,,,,0
1773078064.344288,8,1.652164,0.254476,-44.6904,0.0,0.0,-0.380186,0.924910,1
1773078064.344288,9,1.512238,0.088253,-85.4307,0.0,0.0,-0.678357,0.734733,1
1773078064.344288,10,1.543840,0.425035,-137.0971,0.0,0.0,-0.930728,0.365713,1
1773078064.344288,7,,,,,,,,0
1773078064.436702,8,1.652196,0.254451,-44.3220,0.0,0.0,-0.377211,0.926127,1
1773078064.436702,9,1.512253,0.088434,-85.3082,0.0,0.0,-0.677571,0.735457,1
1773078064.436702,10,1.543836,0.425027,-136.9103,0.0,0.0,-0.930130,0.367230,1
1773078064.436702,7,,,,,,,,0
1773078064.536455,8,1.652187,0.254431,-44.4402,0.0,0.0,-0.378165,0.925738,1
1773078064.536455,9,1.512235,0.088264,-85.3625,0.0,0.0,-0.677919,0.735136,1
1773078064.536455,10,1.543928,0.425043,-136.9953,0.0,0.0,-0.930402,0.366540,1
1773078064.536455,7,,,,,,,,0
1773078064.638690,8,1.652193,0.254485,-44.5830,0.0,0.0,-0.379319,0.925266,1
1773078064.638690,9,1.512256,0.088255,-85.2879,0.0,0.0,-0.677440,0.735578,1
1773078064.638690,10,1.543905,0.424925,-136.9890,0.0,0.0,-0.930382,0.366591,1
1773078064.638690,7,,,,,,,,0
1773078064.739818,8,1.652158,0.254390,-44.5726,0.0,0.0,-0.379235,0.925301,1
1773078064.739818,9,1.512281,0.088390,-85.4405,0.0,0.0,-0.678419,0.734675,1
1773078064.739818,10,1.543839,0.424955,-136.8657,0.0,0.0,-0.929987,0.367591,1
1773078064.739818,7,,,,,,,,0
1773078064.854452,8,1.652192,0.254462,-44.3892,0.0,0.0,-0.377754,0.925906,1
1773078064.854452,9,1.512294,0.088250,-85.4968,0.0,0.0,-0.678781,0.734341,1
1773078064.854452,10,1.543879,0.425065,-136.9394,0.0,0.0,-0.930223,0.366994,1
1773078064.854452,7,,,,,,,,0
1773078064.978090,8,1.652179,0.254445,-44.7622,0.0,0.0,-0.380766,0.924672,1
1773078064.978090,9,1.512342,0.088315,-85.3019,0.0,0.0,-0.677530,0.735495,1
1773078064.978090,10,1.543898,0.424975,-137.0051,0.0,0.0,-0.930434,0.366460,1
1773078064.978090,7,,,,,,,,0
1773078065.086950,8,1.652191,0.254450,-44.4653,0.0,0.0,-0.378368,0.925655,1
1773078065.086950,9,1.512288,0.088280,-85.3625,0.0,0.0,-0.677919,0.735137,1
1773078065.086950,10,1.543819,0.424945,-137.0875,0.0,0.0,-0.930697,0.365791,1
1773078065.086950,7,,,,,,,,0
1773078065.211103,8,1.652199,0.254443,-44.6163,0.0,0.0,-0.379587,0.925156,1
1773078065.211103,9,1.512264,0.088325,-85.3216,0.0,0.0,-0.677656,0.735379,1
1773078065.211103,10,1.543891,0.425010,-136.9691,0.0,0.0,-0.930319,0.366752,1
1773078065.211103,7,,,,,,,,0
1773078065.307076,8,1.652213,0.254371,-44.6322,0.0,0.0,-0.379716,0.925103,1
1773078065.307076,9,1.512311,0.088308,-85.4005,0.0,0.0,-0.678163,0.734912,1
1773078065.307076,10,1.543879,0.424971,-136.9248,0.0,0.0,-0.930177,0.367112,1
1773078065.307076,7,,,,,,,,0
1773078065.413648,8,1.652167,0.254502,-44.4442,0.0,0.0,-0.378198,0.925725,1
1773078065.413648,9,1.512250,0.088388,-85.3201,0.0,0.0,-0.677647,0.735388,1
1773078065.413648,10,1.543897,0.424956,-136.9538,0.0,0.0,-0.930270,0.366876,1
1773078065.413648,7,,,,,,,,0
1773078065.520873,8,1.652122,0.254395,-44.7030,0.0,0.0,-0.380287,0.924868,1
1773078065.520873,9,1.512264,0.088276,-85.3682,0.0,0.0,-0.677956,0.735103,1
1773078065.520873,10,1.543797,0.424939,-136.7698,0.0,0.0,-0.929679,0.368370,1
1773078065.520873,7,,,,,,,,0
1773078065.638984,8,1.652172,0.254461,-44.5936,0.0,0.0,-0.379405,0.925231,1
1773078065.638984,9,1.512294,0.088332,-85.5147,0.0,0.0,-0.678895,0.734235,1
1773078065.638984,10,1.543987,0.424954,-137.0395,0.0,0.0,-0.930544,0.366180,1
1773078065.638984,7,,,,,,,,0
1773078065.738100,8,1.652218,0.254415,-44.5528,0.0,0.0,-0.379075,0.925366,1
1773078065.738100,9,1.512255,0.088290,-85.4624,0.0,0.0,-0.678560,0.734545,1
1773078065.738100,10,1.543861,0.424993,-137.0991,0.0,0.0,-0.930734,0.365696,1
1773078065.738100,7,,,,,,,,0
1773078065.839055,8,1.652229,0.254424,-44.5222,0.0,0.0,-0.378828,0.925467,1
1773078065.839055,9,1.512255,0.088213,-85.4692,0.0,0.0,-0.678603,0.734505,1
1773078065.839055,10,1.543856,0.425003,-136.8794,0.0,0.0,-0.930031,0.367480,1
1773078065.839055,7,,,,,,,,0
1773078065.939918,8,1.652222,0.254488,-44.5318,0.0,0.0,-0.378905,0.925435,1
1773078065.939918,9,1.512289,0.088325,-85.4340,0.0,0.0,-0.678377,0.734714,1
1773078065.939918,10,1.543874,0.425032,-136.9562,0.0,0.0,-0.930277,0.366857,1
1773078065.939918,7,,,,,,,,0
1773078066.032646,8,1.652158,0.254359,-44.4882,0.0,0.0,-0.378553,0.925580,1
1773078066.032646,9,1.512306,0.088296,-85.3420,0.0,0.0,-0.677788,0.735257,1
1773078066.032646,10,1.543924,0.424951,-137.0894,0.0,0.0,-0.930703,0.365775,1
1773078066.032646,7,,,,,,,,0
1773078066.130554,8,1.652238,0.254499,-44.4934,0.0,0.0,-0.378595,0.925562,1
1773078066.130554,9,1.512249,0.088367,-85.4464,0.0,0.0,-0.678457,0.734640,1
1773078066.130554,10,1.543919,0.424999,-137.1865,0.0,0.0,-0.931013,0.364986,1
1773078066.130554,7,,,,,,,,0
1773078066.224107,8,1.652174,0.254359,-44.5387,0.0,0.0,-0.378961,0.925413,1
1773078066.224107,9,1.512273,0.088363,-85.4540,0.0,0.0,-0.678506,0.734595,1
1773078066.224107,10,1.543806,0.424843,-136.9883,0.0,0.0,-0.930380,0.366596,1
1773078066.224107,7,,,,,,,,0
1773078066.320260,8,1.652226,0.254420,-44.7281,0.0,0.0,-0.380490,0.924785,1
1773078066.320260,9,1.512325,0.088285,-85.4646,0.0,0.0,-0.678574,0.734532,1
1773078066.320260,10,1.543910,0.425094,-136.7787,0.0,0.0,-0.929708,0.368297,1
1773078066.320260,7,,,,,,,,0
1773078066.420058,8,1.652197,0.254451,-44.4628,0.0,0.0,-0.378348,0.925663,1
1773078066.420058,9,1.512318,0.088247,-85.4527,0.0,0.0,-0.678497,0.734603,1
1773078066.420058,10,1.543987,0.425083,-136.9449,0.0,0.0,-0.930241,0.366949,1
1773078066.420058,7,,,,,,,,0
1773078066.526092,8,1.652184,0.254369,-44.4732,0.0,0.0,-0.378432,0.925629,1
1773078066.526092,9,1.512244,0.088323,-85.4611,0.0,0.0,-0.678552,0.734553,1
1773078066.526092,10,1.543805,0.424945,-136.9412,0.0,0.0,-0.930229,0.366978,1
1773078066.526092,7,,,,,,,,0
1773078066.629712,8,1.652221,0.254459,-44.4874,0.0,0.0,-0.378547,0.925582,1
1773078066.629712,9,1.512367,0.088264,-85.3850,0.0,0.0,-0.678063,0.735003,1
1773078066.629712,10,1.543993,0.424923,-137.2095,0.0,0.0,-0.931086,0.364799,1
1773078066.629712,7,,,,,,,,0
1773078066.712883,8,1.652197,0.254445,-44.5984,0.0,0.0,-0.379443,0.925215,1
1773078066.712883,9,1.512244,0.088336,-85.6044,0.0,0.0,-0.679469,0.733704,1
1773078066.712883,10,1.543919,0.425138,-137.0521,0.0,0.0,-0.930584,0.366078,1
1773078066.712883,7,,,,,,,,0
1773078066.796664,8,1.652237,0.254438,-44.5343,0.0,0.0,-0.378925,0.925427,1
1773078066.796664,9,1.512282,0.088323,-85.5058,0.0,0.0,-0.678838,0.734288,1
1773078066.796664,10,1.543947,0.424910,-137.1241,0.0,0.0,-0.930814,0.365493,1
1773078066.796664,7,,,,,,,,0
1773078066.896690,8,1.652163,0.254441,-44.5881,0.0,0.0,-0.379360,0.925249,1
1773078066.896690,9,1.512260,0.088373,-85.4170,0.0,0.0,-0.678269,0.734814,1
1773078066.896690,10,1.543910,0.424986,-137.1339,0.0,0.0,-0.930845,0.365414,1
1773078066.896690,7,,,,,,,,0
1773078067.000898,8,1.652187,0.254431,-44.6120,0.0,0.0,-0.379553,0.925170,1
1773078067.000898,9,1.512323,0.088311,-85.3553,0.0,0.0,-0.677873,0.735179,1
1773078067.000898,10,1.543949,0.424924,-137.0680,0.0,0.0,-0.930635,0.365949,1
1773078067.000898,7,,,,,,,,0
1773078067.095029,8,1.652165,0.254351,-44.5718,0.0,0.0,-0.379229,0.925303,1
1773078067.095029,9,1.512291,0.088243,-85.3734,0.0,0.0,-0.677989,0.735072,1
1773078067.095029,10,1.543854,0.424984,-137.0820,0.0,0.0,-0.930680,0.365835,1
1773078067.095029,7,,,,,,,,0
1773078067.186718,8,1.652129,0.254448,-44.5360,0.0,0.0,-0.378939,0.925422,1
1773078067.186718,9,1.512235,0.088240,-85.4494,0.0,0.0,-0.678476,0.734622,1
1773078067.186718,10,1.543967,0.425040,-137.0783,0.0,0.0,-0.930668,0.365865,1
1773078067.186718,7,,,,,,,,0
1773078067.303475,8,1.652250,0.254405,-44.4239,0.0,0.0,-0.378034,0.925792,1
1773078067.303475,9,1.512262,0.088341,-85.4021,0.0,0.0,-0.678173,0.734902,1
1773078067.303475,10,1.543886,0.424944,-137.0164,0.0,0.0,-0.930470,0.366368,1
1773078067.303475,7,,,,,,,,0
1773078067.396498,8,1.652191,0.254491,-44.5118,0.0,0.0,-0.378744,0.925501,1
1773078067.396498,9,1.512311,0.088321,-85.4865,0.0,0.0,-0.678714,0.734402,1
1773078067.396498,10,1.543938,0.425084,-137.0136,0.0,0.0,-0.930461,0.366391,1
1773078067.396498,7,,,,,,,,0
1773078067.489324,8,1.652179,0.254379,-44.4605,0.0,0.0,-0.378330,0.925671,1
1773078067.489324,9,1.512239,0.088278,-85.3126,0.0,0.0,-0.677599,0.735431,1
1773078067.489324,10,1.543907,0.424964,-137.1082,0.0,0.0,-0.930763,0.365623,1
1773078067.489324,7,,,,,,,,0
1773078067.582929,8,1.652099,0.254398,-44.4673,0.0,0.0,-0.378384,0.925649,1
1773078067.582929,9,1.512201,0.088274,-85.5246,0.0,0.0,-0.678958,0.734177,1
1773078067.582929,10,1.543929,0.425000,-137.1095,0.0,0.0,-0.930767,0.365612,1
1773078067.582929,7,,,,,,,,0
1773078067.683177,8,1.652134,0.254404,-44.4320,0.0,0.0,-0.378099,0.925765,1
1773078067.683177,9,1.512273,0.088273,-85.3734,0.0,0.0,-0.677989,0.735072,1
1773078067.683177,10,1.543928,0.425009,-137.0940,0.0,0.0,-0.930718,0.365738,1
1773078067.683177,7,,,,,,,,0
1773078067.789783,8,1.652189,0.254397,-44.4874,0.0,0.0,-0.378547,0.925582,1
1773078067.789783,9,1.512268,0.088341,-85.4253,0.0,0.0,-0.678322,0.734765,1
1773078067.789783,10,1.543935,0.424956,-137.1449,0.0,0.0,-0.930880,0.365324,1
1773078067.789783,7,,,,,,,,0
1773078067.903623,8,1.652257,0.254417,-44.5641,0.0,0.0,-0.379166,0.925329,1
1773078067.903623,9,1.512284,0.088355,-85.3234,0.0,0.0,-0.677669,0.735367,1
1773078067.903623,10,1.543825,0.425050,-137.1378,0.0,0.0,-0.930858,0.365382,1
1773078067.903623,7,,,,,,,,0
1773078068.011732,8,1.652173,0.254461,-44.2502,0.0,0.0,-0.376630,0.926364,1
1773078068.011732,9,1.512276,0.088345,-85.4837,0.0,0.0,-0.678697,0.734419,1
1773078068.011732,10,1.543870,0.424876,-136.9816,0.0,0.0,-0.930359,0.366650,1
1773078068.011732,7,,,,,,,,0
1773078068.122198,8,1.652211,0.254444,-44.8022,0.0,0.0,-0.381088,0.924539,1
1773078068.122198,9,1.512273,0.088369,-85.2027,0.0,0.0,-0.676893,0.736081,1
1773078068.122198,10,1.543880,0.425004,-136.8941,0.0,0.0,-0.930078,0.367361,1
1773078068.122198,7,,,,,,,,0
1773078068.215145,8,1.652208,0.254407,-44.4849,0.0,0.0,-0.378526,0.925591,1
1773078068.215145,9,1.512306,0.088384,-85.4464,0.0,0.0,-0.678457,0.734640,1
1773078068.215145,10,1.543790,0.424943,-137.0306,0.0,0.0,-0.930515,0.366253,1
1773078068.215145,7,,,,,,,,0
1773078068.339248,8,1.652207,0.254478,-44.7280,0.0,0.0,-0.380489,0.924785,1
1773078068.339248,9,1.512318,0.088335,-85.4544,0.0,0.0,-0.678509,0.734593,1
1773078068.339248,10,1.543874,0.424983,-137.1643,0.0,0.0,-0.930942,0.365167,1
1773078068.339248,7,,,,,,,,0
1773078068.445118,8,1.652123,0.254307,-44.6250,0.0,0.0,-0.379658,0.925127,1
1773078068.445118,9,1.512247,0.088299,-85.4581,0.0,0.0,-0.678532,0.734571,1
1773078068.445118,10,1.543938,0.424937,-137.0471,0.0,0.0,-0.930568,0.366119,1
1773078068.445118,7,,,,,,,,0
1773078068.631209,8,1.652166,0.254431,-44.4861,0.0,0.0,-0.378536,0.925586,1
1773078068.631209,9,1.512281,0.088344,-85.3911,0.0,0.0,-0.678102,0.734967,1
1773078068.631209,10,1.543880,0.424881,-137.2262,0.0,0.0,-0.931139,0.364664,1
1773078068.631209,7,,,,,,,,0
1773078068.739723,8,1.652186,0.254421,-44.4561,0.0,0.0,-0.378294,0.925685,1
1773078068.739723,9,1.512305,0.088334,-85.3780,0.0,0.0,-0.678018,0.735045,1
1773078068.739723,10,1.543875,0.424962,-137.0012,0.0,0.0,-0.930422,0.366491,1
1773078068.739723,7,,,,,,,,0
1773078068.844223,8,1.652204,0.254498,-44.4898,0.0,0.0,-0.378566,0.925574,1
1773078068.844223,9,1.512297,0.088273,-85.3149,0.0,0.0,-0.677614,0.735418,1
1773078068.844223,10,1.543849,0.425033,-136.9878,0.0,0.0,-0.930379,0.366600,1
1773078068.844223,7,,,,,,,,0
1773078068.968763,8,1.652228,0.254474,-44.6236,0.0,0.0,-0.379647,0.925132,1
1773078068.968763,9,1.512260,0.088242,-85.3165,0.0,0.0,-0.677624,0.735409,1
1773078068.968763,10,1.543873,0.425006,-137.0413,0.0,0.0,-0.930549,0.366166,1
1773078068.968763,7,,,,,,,,0
1773078069.075940,8,1.652140,0.254375,-44.6809,0.0,0.0,-0.380109,0.924942,1
1773078069.075940,9,1.512297,0.088306,-85.4290,0.0,0.0,-0.678345,0.734743,1
1773078069.075940,10,1.543891,0.424993,-136.9219,0.0,0.0,-0.930168,0.367135,1
1773078069.075940,7,,,,,,,,0
1773078069.169672,8,1.652136,0.254404,-44.5205,0.0,0.0,-0.378814,0.925473,1
1773078069.169672,9,1.512273,0.088300,-85.2880,0.0,0.0,-0.677441,0.735577,1
1773078069.169672,10,1.543928,0.424959,-136.8959,0.0,0.0,-0.930084,0.367346,1
1773078069.169672,7,,,,,,,,0
1773078069.270840,8,1.652178,0.254398,-44.3293,0.0,0.0,-0.377269,0.926104,1
1773078069.270840,9,1.512283,0.088341,-85.3871,0.0,0.0,-0.678077,0.734991,1
1773078069.270840,10,1.543906,0.424938,-137.1227,0.0,0.0,-0.930809,0.365505,1
1773078069.270840,7,,,,,,,,0
1773078069.380187,8,1.652145,0.254402,-44.6729,0.0,0.0,-0.380045,0.924968,1
1773078069.380187,9,1.512212,0.088354,-85.3272,0.0,0.0,-0.677693,0.735345,1
1773078069.380187,10,1.543998,0.424996,-137.0450,0.0,0.0,-0.930561,0.366136,1
1773078069.380187,7,,,,,,,,0
1773078069.489694,8,1.652221,0.254453,-44.4574,0.0,0.0,-0.378304,0.925681,1
1773078069.489694,9,1.512299,0.088346,-85.3165,0.0,0.0,-0.677624,0.735409,1
1773078069.489694,10,1.543781,0.425002,-136.8592,0.0,0.0,-0.929967,0.367644,1
1773078069.489694,7,,,,,,,,0
1773078069.604698,8,1.652201,0.254493,-44.3967,0.0,0.0,-0.377814,0.925882,1
1773078069.604698,9,1.512272,0.088273,-85.4200,0.0,0.0,-0.678288,0.734796,1
1773078069.604698,10,1.543895,0.424909,-137.1190,0.0,0.0,-0.930798,0.365535,1
1773078069.604698,7,,,,,,,,0
1773078069.701931,8,1.652144,0.254500,-44.7479,0.0,0.0,-0.380650,0.924719,1
1773078069.701931,9,1.512293,0.088321,-85.3740,0.0,0.0,-0.677993,0.735069,1
1773078069.701931,10,1.543881,0.425001,-137.1218,0.0,0.0,-0.930807,0.365512,1
1773078069.701931,7,,,,,,,,0
1773078069.795480,8,1.652204,0.254399,-44.5195,0.0,0.0,-0.378806,0.925476,1
1773078069.795480,9,1.512299,0.088259,-85.5293,0.0,0.0,-0.678988,0.734149,1
1773078069.795480,10,1.543897,0.424962,-136.9772,0.0,0.0,-0.930345,0.366686,1
1773078069.795480,7,,,,,,,,0
1773078069.892874,8,1.652157,0.254427,-44.5326,0.0,0.0,-0.378912,0.925433,1
1773078069.892874,9,1.512225,0.088302,-85.4096,0.0,0.0,-0.678221,0.734858,1
1773078069.892874,10,1.543878,0.424962,-136.9892,0.0,0.0,-0.930383,0.366589,1
1773078069.892874,7,,,,,,,,0
1773078069.989950,8,1.652188,0.254404,-44.7288,0.0,0.0,-0.380496,0.924783,1
1773078069.989950,9,1.512307,0.088312,-85.2574,0.0,0.0,-0.677245,0.735758,1
1773078069.989950,10,1.543847,0.424903,-136.9852,0.0,0.0,-0.930370,0.366621,1
1773078069.989950,7,,,,,,,,0
1773078070.099416,8,1.652214,0.254433,-44.5173,0.0,0.0,-0.378788,0.925483,1
1773078070.099416,9,1.512262,0.088320,-85.2671,0.0,0.0,-0.677307,0.735701,1
1773078070.099416,10,1.543894,0.425023,-136.9039,0.0,0.0,-0.930110,0.367282,1
1773078070.099416,7,,,,,,,,0
1773078070.203306,8,1.652195,0.254401,-44.5039,0.0,0.0,-0.378680,0.925528,1
1773078070.203306,9,1.512300,0.088254,-85.3992,0.0,0.0,-0.678155,0.734919,1
1773078070.203306,10,1.543898,0.424990,-137.0411,0.0,0.0,-0.930549,0.366168,1
1773078070.203306,7,,,,,,,,0
1773078070.297928,8,1.652179,0.254371,-44.4771,0.0,0.0,-0.378464,0.925616,1
1773078070.297928,9,1.512279,0.088294,-85.3758,0.0,0.0,-0.678005,0.735058,1
1773078070.297928,10,1.543875,0.424987,-137.0657,0.0,0.0,-0.930628,0.365968,1
1773078070.297928,7,,,,,,,,0
1773078070.385959,8,1.652180,0.254455,-44.5363,0.0,0.0,-0.378942,0.925420,1
1773078070.385959,9,1.512271,0.088295,-85.4339,0.0,0.0,-0.678377,0.734714,1
1773078070.385959,10,1.543906,0.424982,-137.1448,0.0,0.0,-0.930880,0.365325,1
1773078070.385959,7,,,,,,,,0
1773078070.484854,8,1.652182,0.254463,-44.4017,0.0,0.0,-0.377854,0.925865,1
1773078070.484854,9,1.512272,0.088261,-85.4238,0.0,0.0,-0.678312,0.734774,1
1773078070.484854,10,1.543965,0.424897,-137.0818,0.0,0.0,-0.930679,0.365837,1
1773078070.484854,7,,,,,,,,0
1773078070.584161,8,1.652172,0.254460,-44.5359,0.0,0.0,-0.378939,0.925422,1
1773078070.584161,9,1.512282,0.088302,-85.3773,0.0,0.0,-0.678014,0.735049,1
1773078070.584161,10,1.543864,0.425040,-137.0890,0.0,0.0,-0.930702,0.365778,1
1773078070.584161,7,,,,,,,,0
1773078070.672357,8,1.651955,0.254163,-44.5540,0.0,0.0,-0.379085,0.925362,1
1773078070.672357,9,1.511888,0.087935,-85.8535,0.0,0.0,-0.681063,0.732225,1
1773078070.672357,10,1.543763,0.424869,-137.1637,0.0,0.0,-0.930940,0.365172,1
1773078070.672357,7,,,,,,,,0
1773078070.763334,8,,,,,,,,0
1773078070.763334,9,,,,,,,,0
1773078070.763334,10,1.543404,0.422840,-137.9005,0.0,0.0,-0.933269,0.359178,1
1773078070.763334,7,,,,,,,,0
1773078070.869237,8,1.652048,0.254142,-44.5702,0.0,0.0,-0.379215,0.925308,1
1773078070.869237,9,1.512177,0.088105,-85.6153,0.0,0.0,-0.679539,0.733639,1
1773078070.869237,10,1.543779,0.424647,-137.1973,0.0,0.0,-0.931047,0.364899,1
1773078070.869237,7,,,,,,,,0
1773078070.973809,8,1.652034,0.254259,-44.3899,0.0,0.0,-0.377759,0.925904,1
1773078070.973809,9,1.512155,0.088118,-85.4635,0.0,0.0,-0.678567,0.734539,1
1773078070.973809,10,1.543728,0.424803,-137.0175,0.0,0.0,-0.930474,0.366359,1
1773078070.973809,7,,,,,,,,0
1773078071.085020,8,1.652090,0.254195,-44.3052,0.0,0.0,-0.377075,0.926183,1
1773078071.085020,9,1.512125,0.088050,-85.4613,0.0,0.0,-0.678553,0.734552,1
1773078071.085020,10,1.543816,0.424778,-137.1432,0.0,0.0,-0.930875,0.365338,1
1773078071.085020,7,,,,,,,,0
1773078071.185250,8,1.652135,0.254232,-44.5662,0.0,0.0,-0.379184,0.925321,1
1773078071.185250,9,1.512169,0.088070,-85.3780,0.0,0.0,-0.678019,0.735045,1
1773078071.185250,10,1.543715,0.424758,-136.9158,0.0,0.0,-0.930148,0.367185,1
1773078071.185250,7,,,,,,,,0
1773078071.286296,8,1.652058,0.254181,-44.5000,0.0,0.0,-0.378649,0.925540,1
1773078071.286296,9,1.512231,0.088047,-85.3567,0.0,0.0,-0.677882,0.735171,1
1773078071.286296,10,1.543779,0.424752,-136.9500,0.0,0.0,-0.930257,0.366907,1
1773078071.286296,7,,,,,,,,0
1773078071.385457,8,1.652103,0.254193,-44.5461,0.0,0.0,-0.379021,0.925388,1
1773078071.385457,9,1.512140,0.088061,-85.5180,0.0,0.0,-0.678916,0.734216,1
1773078071.385457,10,1.543703,0.424750,-136.9824,0.0,0.0,-0.930361,0.366644,1
1773078071.385457,7,,,,,,,,0
1773078071.489827,8,1.652051,0.254207,-44.7071,0.0,0.0,-0.380320,0.924855,1
1773078071.489827,9,1.512194,0.088107,-85.6316,0.0,0.0,-0.679644,0.733542,1
1773078071.489827,10,1.543726,0.424691,-137.1001,0.0,0.0,-0.930737,0.365689,1
1773078071.489827,7,,,,,,,,0
1773078071.594213,8,1.652073,0.254209,-44.7405,0.0,0.0,-0.380590,0.924744,1
1773078071.594213,9,1.512114,0.088079,-85.5208,0.0,0.0,-0.678934,0.734199,1
1773078071.594213,10,1.543665,0.424754,-137.0735,0.0,0.0,-0.930653,0.365904,1
1773078071.594213,7,,,,,,,,0
1773078071.695748,8,1.652067,0.254188,-44.5410,0.0,0.0,-0.378980,0.925405,1
1773078071.695748,9,1.512075,0.088045,-85.4703,0.0,0.0,-0.678610,0.734498,1
1773078071.695748,10,1.543735,0.424743,-137.1393,0.0,0.0,-0.930863,0.365370,1
1773078071.695748,7,,,,,,,,0
1773078071.800512,8,1.652043,0.254171,-44.3814,0.0,0.0,-0.377691,0.925932,1
1773078071.800512,9,1.512146,0.088080,-85.5739,0.0,0.0,-0.679274,0.733884,1
1773078071.800512,10,1.543778,0.424848,-136.9539,0.0,0.0,-0.930270,0.366875,1
1773078071.800512,7,,,,,,,,0
1773078071.906946,8,1.652058,0.254116,-44.5000,0.0,0.0,-0.378649,0.925540,1
1773078071.906946,9,1.512143,0.088088,-85.4682,0.0,0.0,-0.678597,0.734511,1
1773078071.906946,10,1.543702,0.424721,-136.9905,0.0,0.0,-0.930387,0.366578,1
1773078071.906946,7,,,,,,,,0
1773078072.013827,8,1.652115,0.254208,-44.7129,0.0,0.0,-0.380368,0.924835,1
1773078072.013827,9,1.512156,0.088086,-85.4662,0.0,0.0,-0.678584,0.734523,1
1773078072.013827,10,1.543751,0.424745,-137.1032,0.0,0.0,-0.930747,0.365663,1
1773078072.013827,7,,,,,,,,0
1773078072.111012,8,1.652050,0.254184,-44.6050,0.0,0.0,-0.379496,0.925193,1
1773078072.111012,9,1.512131,0.088096,-85.5022,0.0,0.0,-0.678815,0.734310,1
1773078072.111012,10,1.543802,0.424846,-136.9535,0.0,0.0,-0.930269,0.366879,1
1773078072.111012,7,,,,,,,,0
1773078072.210653,8,1.652093,0.254179,-44.8220,0.0,0.0,-0.381248,0.924473,1
1773078072.210653,9,1.512108,0.088054,-85.4422,0.0,0.0,-0.678430,0.734665,1
1773078072.210653,10,1.543804,0.424722,-137.2884,0.0,0.0,-0.931337,0.364158,1
1773078072.210653,7,,,,,,,,0
1773078072.298898,8,1.652019,0.254197,-44.6555,0.0,0.0,-0.379904,0.925026,1
1773078072.298898,9,1.512150,0.088048,-85.3781,0.0,0.0,-0.678019,0.735044,1
1773078072.298898,10,1.543728,0.424626,-136.9924,0.0,0.0,-0.930393,0.366563,1
1773078072.298898,7,,,,,,,,0
1773078072.376260,8,1.652110,0.254202,-44.8145,0.0,0.0,-0.381188,0.924498,1
1773078072.376260,9,1.512182,0.088088,-85.4639,0.0,0.0,-0.678569,0.734536,1
1773078072.376260,10,1.543864,0.424856,-137.1891,0.0,0.0,-0.931021,0.364966,1
1773078072.376260,7,,,,,,,,0
1773078072.468441,8,1.652118,0.254247,-44.8711,0.0,0.0,-0.381644,0.924309,1
1773078072.468441,9,1.512118,0.088071,-85.5562,0.0,0.0,-0.679161,0.733989,1
1773078072.468441,10,1.543730,0.424863,-136.8940,0.0,0.0,-0.930078,0.367362,1
1773078072.468441,7,,,,,,,,0
1773078072.587175,8,1.652001,0.254148,-44.5459,0.0,0.0,-0.379019,0.925389,1
1773078072.587175,9,1.512182,0.088127,-85.5089,0.0,0.0,-0.678858,0.734270,1
1773078072.587175,10,1.543843,0.424703,-137.2327,0.0,0.0,-0.931160,0.364611,1
1773078072.587175,7,,,,,,,,0
1773078072.690103,8,1.652126,0.254210,-44.7341,0.0,0.0,-0.380539,0.924765,1
1773078072.690103,9,1.512185,0.088070,-85.5392,0.0,0.0,-0.679052,0.734090,1
1773078072.690103,10,1.543779,0.424859,-136.8830,0.0,0.0,-0.930043,0.367451,1
1773078072.690103,7,,,,,,,,0
